model,model_adj_r2,model_aic,model_bic,model_f_stat,model_f_stat_pval,model_r2,pred_coef,pred_col,pred_col_pval,pred_num_miss
pct_black_hispanic,0.3126916782075232,4617.459252610221,4625.5868230275955,196.17402262958566,5.870419445873487e-37,0.3142937955077387,141.61056380516766,const,2.1015968463091307e-60,
pct_black_hispanic,0.3126916782075232,4617.459252610221,4625.5868230275955,196.17402262958566,5.870419445873487e-37,0.3142937955077387,-128.246663476041,pct_black_hispanic,5.870419445873214e-37,19.0
SED Code,0.0575586610616492,4953.571541900825,4961.78558767631,28.36115139502135,1.597834917376615e-07,0.05966232476463662,-366.2486359555199,const,2.63840394146267e-06,
SED Code,0.0575586610616492,4953.571541900825,4961.78558767631,28.36115139502135,1.597834917376615e-07,0.05966232476463662,1.2503369546915223e-09,SED Code,1.59783491737695e-07,0.0
District,0.048539016974044946,4957.848268072894,4966.062313848379,23.854830615559695,1.4492218140988784e-06,0.05066281381115645,19.865618590345367,const,0.000422023562800057,
District,0.048539016974044946,4957.848268072894,4966.062313848379,23.854830615559695,1.4492218140988784e-06,0.05066281381115645,1.5166456750876463,District,1.4492218140991346e-06,0.0
Latitude,0.04021348425968696,4961.760045941303,4969.974091716788,19.77046682036756,1.1030066884295724e-05,0.04235586487517873,5965.808487464505,const,9.536843074532229e-06,
Latitude,0.04021348425968696,4961.760045941303,4969.974091716788,19.77046682036756,1.1030066884295724e-05,0.04235586487517873,-145.37262274983405,Latitude,1.1030066884298157e-05,0.0
Longitude,0.0025890022775018062,4979.025011518581,4987.239057294066,2.1628837289435556,0.1420827018002465,0.004815366111703856,-4105.9432889741,const,0.14628781180157666,
Longitude,0.0025890022775018062,4979.025011518581,4987.239057294066,2.1628837289435556,0.1420827018002465,0.004815366111703856,-56.13450651165965,Longitude,0.1420827018002334,0.0
Zip,0.03271728338052249,4965.253237690838,4973.467283466323,16.153111600814608,6.855167038050045e-05,0.03487639658726238,-189.01584614173146,const,0.001178907278658081,
Zip,0.03271728338052249,4965.253237690838,4973.467283466323,16.153111600814608,6.855167038050045e-05,0.03487639658726238,0.021545485558093467,Zip,6.855167038051243e-05,0.0
Economic Need Index,0.1649613194617654,4899.244504140309,4907.458549915794,89.50209318595397,1.7588449608150498e-19,0.1668252450879668,130.31004450576708,const,1.425908267590199e-35,
Economic Need Index,0.1649613194617654,4899.244504140309,4907.458549915794,89.50209318595397,1.7588449608150498e-19,0.1668252450879668,-129.72214647071735,Economic Need Index,1.75884496081539e-19,0.0
Percent ELL,0.010635410178213456,4975.38810665294,4983.602152428425,5.8158826471623435,0.016284236207944447,0.01284381328049422,50.16248063500304,const,1.4544549009238087e-30,
Percent ELL,0.010635410178213456,4975.38810665294,4983.602152428425,5.8158826471623435,0.016284236207944447,0.01284381328049422,-61.31015091728054,Percent ELL,0.01628423620794786,0.0
Percent Asian,0.31996524574287655,4807.0494745125,4815.263520287985,211.7898591880051,1.4953546738161956e-39,0.3214831804622005,19.583032783610484,const,5.200250252162513e-11,
Percent Asian,0.31996524574287655,4807.0494745125,4815.263520287985,211.7898591880051,1.4953546738161956e-39,0.3214831804622005,236.83410820751425,Percent Asian,1.495354673816363e-39,0.0
Percent Black,0.11345408045721472,4926.119343056421,4934.333388831906,58.331974491569774,1.3569968911436094e-13,0.11543297759905136,68.61778290212668,const,1.0261175318418921e-45,
Percent Black,0.11345408045721472,4926.119343056421,4934.333388831906,58.331974491569774,1.3569968911436094e-13,0.11543297759905136,-72.82143468492151,Percent Black,1.3569968911438755e-13,0.0
Percent Hispanic,0.0434026217922483,4960.265643824392,4968.479689599877,21.326602399180278,5.071018031010264e-06,0.04553788379717638,64.14428639593744,const,4.1169565392372095e-29,
Percent Hispanic,0.0434026217922483,4960.265643824392,4968.479689599877,21.326602399180278,5.071018031010264e-06,0.04553788379717638,-49.713685793805936,Percent Hispanic,5.071018031011258e-06,0.0
Percent Black / Hispanic,0.3237240100957748,4804.560827242962,4812.774873018447,215.4514350471708,4.3078823660230914e-40,0.3252335547160967,142.69299782163532,const,1.8900796313984681e-63,
Percent Black / Hispanic,0.3237240100957748,4804.560827242962,4812.774873018447,215.4514350471708,4.3078823660230914e-40,0.3252335547160967,-129.9127684385885,Percent Black / Hispanic,4.307882366023595e-40,0.0
Percent White,0.1439873483701254,4910.382895721276,4918.596941496761,76.35675079917817,4.802256876619842e-17,0.14589809089608496,28.195506952547518,const,3.464474625505663e-17,
Percent White,0.1439873483701254,4910.382895721276,4918.596941496761,76.35675079917817,4.802256876619842e-17,0.14589809089608496,128.7888372388235,Percent White,4.8022568766206563e-17,0.0
Student Attendance Rate,0.01451321618586765,4973.62479711132,4981.838842886805,7.597674325072473,0.0060834462301193595,0.01671296347116713,-37.193560637705744,const,0.20606654537155233,
Student Attendance Rate,0.01451321618586765,4973.62479711132,4981.838842886805,7.597674325072473,0.0060834462301193595,0.01671296347116713,86.9836937656717,Student Attendance Rate,0.006083446230120237,0.0
Percent of Students Chronically Absent,0.10707845432022589,4929.336786972551,4937.550832748036,54.72381007890359,6.918060726399609e-13,0.10907158277040396,73.40097883995439,const,2.686354749174138e-41,
Percent of Students Chronically Absent,0.10707845432022589,4929.336786972551,4937.550832748036,54.72381007890359,6.918060726399609e-13,0.10907158277040396,-142.90449919596728,Percent of Students Chronically Absent,6.918060726400824e-13,0.0
Rigorous Instruction %,0.0005368166098596028,4979.947885576326,4988.161931351811,1.2406230116464456,0.2659495754877789,0.0027677612156411513,0.2482675259333717,const,0.994900961909603,
Rigorous Instruction %,0.0005368166098596028,4979.947885576326,4988.161931351811,1.2406230116464456,0.2659495754877789,0.0027677612156411513,49.07745388400352,Rigorous Instruction %,0.26594957548783876,0.0
Collaborative Teachers %,0.0006349915008555529,4979.903779208134,4988.117824983619,1.284656947125382,0.2576424779175192,0.0028657169662554827,8.469715721153996,const,0.78434793895348,
Collaborative Teachers %,0.0006349915008555529,4979.903779208134,4988.117824983619,1.284656947125382,0.2576424779175192,0.0028657169662554827,39.82591080129575,Collaborative Teachers %,0.2576424779175412,0.0
Supportive Environment %,0.00016222892632078434,4980.1161342549485,4988.330180030433,1.0726903514693793,0.30089851783022564,0.002394009665324548,2.048383066759528,const,0.959186969705172,
Supportive Environment %,0.00016222892632078434,4980.1161342549485,4988.330180030433,1.0726903514693793,0.30089851783022564,0.002394009665324548,48.584121505695165,Supportive Environment %,0.3008985178302583,0.0
Effective School Leadership %,-0.0012434911298522255,4980.746961619099,4988.961007394584,0.4436078425387293,0.505729794090688,0.000991427377134091,27.358176497583788,const,0.2592639501913174,
Effective School Leadership %,-0.0012434911298522255,4980.746961619099,4988.961007394584,0.4436078425387293,0.505729794090688,0.000991427377134091,19.535344108528175,Effective School Leadership %,0.5057297940905533,0.0
Strong Family-Community Ties %,0.08178576563354689,4941.8782603283,4950.092306103785,40.90356676305481,4.035692072228956e-10,0.0838353509781149,245.89813445096203,const,6.920865278084415e-14,
Strong Family-Community Ties %,0.08178576563354689,4941.8782603283,4950.092306103785,40.90356676305481,4.035692072228956e-10,0.0838353509781149,-252.44791196380436,Strong Family-Community Ties %,4.035692072229715e-10,0.0
Trust %,0.00042430982867025513,4979.9984254087185,4988.212471184203,1.1901714948786954,0.2758826690687625,0.0026555055656598547,-0.6150021523126754,const,0.987868807828083,
Trust %,0.00042430982867025513,4979.9984254087185,4988.212471184203,1.1901714948786954,0.2758826690687625,0.0026555055656598547,49.225203046678644,Trust %,0.2758826690688076,0.0
Average ELA Proficiency,0.2296030253513648,4863.067624825282,4871.281670600767,134.5183791503401,2.2650546439781606e-27,0.23132266145549119,-155.29242447452356,const,8.432324654974063e-18,
Average ELA Proficiency,0.2296030253513648,4863.067624825282,4871.281670600767,134.5183791503401,2.2650546439781606e-27,0.23132266145549119,78.46475131424599,Average ELA Proficiency,2.2650546439786912e-27,0.0
Average Math Proficiency,0.2443399004311828,4854.395521117265,4862.60956689275,145.85914428409106,2.93226275536943e-29,0.24602664172486322,-123.36510615873273,const,3.282494228131903e-17,
Average Math Proficiency,0.2443399004311828,4854.395521117265,4862.60956689275,145.85914428409106,2.93226275536943e-29,0.24602664172486322,64.1747095486559,Average Math Proficiency,2.932262755370018e-29,0.0
asian_pacific_2016_num_students,0.5190348320042111,3239.9052612980286,3247.345884851243,329.0624033270153,2.6590368770384084e-50,0.5206169542673551,25.513242032442083,const,1.491151415811572e-13,
asian_pacific_2016_num_students,0.5190348320042111,3239.9052612980286,3247.345884851243,329.0624033270153,2.6590368770384084e-50,0.5206169542673551,0.2806692053261453,asian_pacific_2016_num_students,2.6590368770383937e-50,144.0
asian_pacific_2017_num_students,0.5150641081948525,3399.4498476426375,3406.9927298888974,340.8810387262065,2.7651683420743892e-52,0.5165795328567435,25.5649442465661,const,9.312622227078725e-15,
asian_pacific_2017_num_students,0.5150641081948525,3399.4498476426375,3406.9927298888974,340.8810387262065,2.7651683420743892e-52,0.5165795328567435,0.26968891137666723,asian_pacific_2017_num_students,2.7651683420745573e-52,128.0
avg_math_proficiency_2016,0.24157020184796363,4856.03821888954,4864.252264665025,143.69409072742283,6.679300725708652e-29,0.24326312550455298,-118.14175567209651,const,1.2019857042531502e-16,
avg_math_proficiency_2016,0.24157020184796363,4856.03821888954,4864.252264665025,143.69409072742283,6.679300725708652e-29,0.24326312550455298,61.513629675271744,avg_math_proficiency_2016,6.67930072570971e-29,0.0
avg_math_proficiency_2016_city_diff,0.2724485219142414,4837.375316491089,4845.5893622665735,168.76398852040123,5.817329122470295e-33,0.27407252074925426,51.52759830056002,const,2.4369049125072817e-64,
avg_math_proficiency_2016_city_diff,0.2724485219142414,4837.375316491089,4845.5893622665735,168.76398852040123,5.817329122470295e-33,0.27407252074925426,66.54355146195611,avg_math_proficiency_2016_city_diff,5.817329122471362e-33,0.0
avg_math_proficiency_2016_comp_diff,0.011778955074323028,4974.86883536925,4983.0828811447345,6.339869961678068,0.01215374746292481,0.013984805621032215,43.786653845352205,const,8.930567193570644e-42,
avg_math_proficiency_2016_comp_diff,0.011778955074323028,4974.86883536925,4983.0828811447345,6.339869961678068,0.01215374746292481,0.013984805621032215,42.80633943980446,avg_math_proficiency_2016_comp_diff,0.012153747462926814,0.0
avg_math_proficiency_2017,0.23775981047795658,4848.342532845242,4856.552119310072,140.42932522396606,2.365694842374332e-28,0.23946504580127204,-112.99015015071978,const,5.811500033631477e-16,
avg_math_proficiency_2017,0.23775981047795658,4848.342532845242,4856.552119310072,140.42932522396606,2.365694842374332e-28,0.23946504580127204,59.62203667851274,avg_math_proficiency_2017,2.365694842374191e-28,1.0
avg_math_proficiency_2017_city_diff,0.2809439037467102,4822.214124138302,4830.423710603132,175.64830022182693,4.900563366513918e-34,0.2825525303602522,52.73330426288996,const,4.3836408341412003e-66,
avg_math_proficiency_2017_city_diff,0.2809439037467102,4822.214124138302,4830.423710603132,175.64830022182693,4.900563366513918e-34,0.2825525303602522,66.59515181632659,avg_math_proficiency_2017_city_diff,4.900563366513015e-34,1.0
avg_math_proficiency_2017_comp_diff,0.01567739940672086,4962.892537236981,4971.102123701811,8.11941139071721,0.004582157398266276,0.017879463390150896,44.88607565115876,const,1.775637656489922e-42,
avg_math_proficiency_2017_comp_diff,0.01567739940672086,4962.892537236981,4971.102123701811,8.11941139071721,0.004582157398266276,0.017879463390150896,55.12284804362531,avg_math_proficiency_2017_comp_diff,0.004582157398265754,1.0
black_2016_avg_ela,0.11727371512624962,4359.246884361802,4367.21978837237,53.74303677473471,1.2975539402597717e-12,0.11949720702769495,-132.36490831471409,const,6.648166887836294e-08,
black_2016_avg_ela,0.11727371512624962,4359.246884361802,4367.21978837237,53.74303677473471,1.2975539402597717e-12,0.11949720702769495,67.94489337904497,black_2016_avg_ela,1.2975539402597145e-12,51.0
black_2016_avg_math,0.09432215762835383,4318.577227135282,4326.524846359021,41.82498661278085,2.98351176984788e-10,0.09663256028746514,-75.09718243062626,const,5.573398376064505e-05,
black_2016_avg_math,0.09432215762835383,4318.577227135282,4326.524846359021,41.82498661278085,2.98351176984788e-10,0.09663256028746514,48.5126847672296,black_2016_avg_math,2.983511769847963e-10,56.0
black_2016_incoming_ela,0.22900002075225545,2999.9929347254847,3007.1897786434815,80.89754505889886,4.448516678451617e-17,0.23186619167882705,-229.289098534421,const,2.3687139528110705e-12,
black_2016_incoming_ela,0.22900002075225545,2999.9929347254847,3007.1897786434815,80.89754505889886,4.448516678451617e-17,0.23186619167882705,115.49674518597774,black_2016_incoming_ela,4.448516678451632e-17,179.0
black_2016_incoming_math,0.1953289896312047,3046.82249694741,3054.04144053778,67.02634430105473,1.0586088514824802e-14,0.19828733893403117,-193.0149325914154,const,5.162976149616318e-10,
black_2016_incoming_math,0.1953289896312047,3046.82249694741,3054.04144053778,67.02634430105473,1.0586088514824802e-14,0.19828733893403117,101.73927458048033,black_2016_incoming_math,1.0586088514825003e-14,176.0
black_2016_num_students,0.0022129577350062934,4864.610237794171,4872.774675614924,1.969207345088875,0.16124378173592632,0.004496223277946743,47.85557447483305,const,2.2711796917631295e-28,
black_2016_num_students,0.0022129577350062934,4864.610237794171,4872.774675614924,1.969207345088875,0.16124378173592632,0.004496223277946743,-0.024937893840385805,black_2016_num_students,0.1612437817359412,11.0
black_2017_avg_ela,0.13090192387130173,4376.977994741838,4384.9609238360545,61.09663242760999,4.905419650986557e-14,0.13308011453829094,-146.3504637731115,const,4.6989258225817684e-09,
black_2017_avg_ela,0.13090192387130173,4376.977994741838,4384.9609238360545,61.09663242760999,4.905419650986557e-14,0.13308011453829094,72.10891641009897,black_2017_avg_ela,4.905419650984741e-14,49.0
black_2017_avg_math,0.07597489496916654,4370.946298399456,4378.91417096083,33.559784624884244,1.4128404188798273e-08,0.07830829169904241,-61.22064305582093,const,0.0008818155331768373,
black_2017_avg_math,0.07597489496916654,4370.946298399456,4378.91417096083,33.559784624884244,1.4128404188798273e-08,0.07830829169904241,43.41149240509922,black_2017_avg_math,1.4128404188798246e-08,52.0
black_2017_incoming_ela,0.23601441377188248,3003.141027986863,3010.3378719048596,84.10088364112103,1.2885048271626155e-17,0.23885450888797222,-240.77313370893992,const,9.072853905140755e-13,
black_2017_incoming_ela,0.23601441377188248,3003.141027986863,3010.3378719048596,84.10088364112103,1.2885048271626155e-17,0.23885450888797222,117.65861482211778,black_2017_incoming_ela,1.2885048271625907e-17,179.0
black_2017_incoming_math,0.20230998771516262,3002.850637805164,3010.0400605643676,68.97010852920543,5.060277271590375e-15,0.2052864429848822,-199.73372571168878,const,2.7511092195615374e-10,
black_2017_incoming_math,0.20230998771516262,3002.850637805164,3010.0400605643676,68.97010852920543,5.060277271590375e-15,0.2052864429848822,103.85827707160124,black_2017_incoming_math,5.060277271590426e-15,180.0
black_2017_num_students,0.0024083843856214093,4884.942506212548,4893.116055666373,2.059833231092939,0.15194040395539918,0.004680802644424165,47.77894813888024,const,7.384639288641268e-29,
black_2017_num_students,0.0024083843856214093,4884.942506212548,4893.116055666373,2.059833231092939,0.15194040395539918,0.004680802644424165,-0.02522417428723895,black_2017_num_students,0.1519404039554005,9.0
econ_need_index_2016_city_diff,0.16718332960141957,4898.048137629977,4906.262183405462,90.93351637112433,9.633906472729016e-20,0.1690422953835593,48.30726528716229,const,5.602431038903993e-54,
econ_need_index_2016_city_diff,0.16718332960141957,4898.048137629977,4906.262183405462,90.93351637112433,9.633906472729016e-20,0.1690422953835593,-128.20145293236155,econ_need_index_2016_city_diff,9.633906472730816e-20,0.0
econ_need_index_2016_dist_diff,0.060229201365277873,4952.297431106399,4960.511476881884,29.711981954370504,8.302416862211341e-08,0.06232690404080188,44.876933264554125,const,6.251936259001177e-45,
econ_need_index_2016_dist_diff,0.060229201365277873,4952.297431106399,4960.511476881884,29.711981954370504,8.302416862211341e-08,0.06232690404080188,-122.06340964320799,econ_need_index_2016_dist_diff,8.302416862213071e-08,0.0
econ_need_index_2016_val,0.17468820761745163,4893.983659737848,4902.197705513333,95.82515303300445,1.2472752071689364e-20,0.1765304214397342,130.3987605741983,const,2.013910648723286e-37,
econ_need_index_2016_val,0.17468820761745163,4893.983659737848,4902.197705513333,95.82515303300445,1.2472752071689364e-20,0.1765304214397342,-131.43525285596817,econ_need_index_2016_val,1.2472752071690954e-20,0.0
econ_need_index_2017_city_diff,0.17667164472101504,4892.903298216351,4901.117343991836,97.13284460267991,7.24513999818943e-21,0.17850943122833418,49.14120510853212,const,2.079920153116783e-55,
econ_need_index_2017_city_diff,0.17667164472101504,4892.903298216351,4901.117343991836,97.13284460267991,7.24513999818943e-21,0.17850943122833418,-126.52767516880452,econ_need_index_2017_city_diff,7.245139998190749e-21,0.0
econ_need_index_2017_dist_diff,0.06878528271146045,4948.190817482749,4956.4048632582335,34.09205286667088,1.0120278531139929e-08,0.07086388699112245,45.67823383889862,const,3.783330437793424e-46,
econ_need_index_2017_dist_diff,0.06878528271146045,4948.190817482749,4956.4048632582335,34.09205286667088,1.0120278531139929e-08,0.07086388699112245,-125.44239777898066,econ_need_index_2017_dist_diff,1.0120278531142088e-08,0.0
econ_need_index_2017_val,0.1847808883224954,4888.459020369389,4896.673066144874,102.54550694737134,7.760344386657564e-22,0.1866005738396327,127.59153006298034,const,7.3329171320844725e-40,
econ_need_index_2017_val,0.1847808883224954,4888.459020369389,4896.673066144874,102.54550694737134,7.760344386657564e-22,0.1866005738396327,-129.92117378075233,econ_need_index_2017_val,7.76034438665892e-22,0.0
grade_7_2015_enrollment,0.6694883170991788,4318.856667858887,4326.988884039094,872.0130117821973,2.09180269193879e-105,0.6702569489198783,-11.598811265099243,const,7.950190638296533e-06,
grade_7_2015_enrollment,0.6694883170991788,4318.856667858887,4326.988884039094,872.0130117821973,2.09180269193879e-105,0.6702569489198783,0.41626547396408187,grade_7_2015_enrollment,2.09180269193876e-105,18.0
grade_7_2016_enrollment,0.696134663230279,4445.353360507831,4453.567406283316,1027.3372994186193,6.559945739556762e-118,0.6968129340712828,-10.672840746853336,const,6.05632802848667e-06,
grade_7_2016_enrollment,0.696134663230279,4445.353360507831,4453.567406283316,1027.3372994186193,6.559945739556762e-118,0.6968129340712828,0.41575755568888006,grade_7_2016_enrollment,6.559945739557136e-118,0.0
grade_7_2017_enrollment,0.7409888529577284,4364.41356848424,4372.62315494907,1279.7944497927256,3.933034672998692e-133,0.7415682962397021,-12.926483114369798,const,5.0420541077189885e-09,
grade_7_2017_enrollment,0.7409888529577284,4364.41356848424,4372.62315494907,1279.7944497927256,3.933034672998692e-133,0.7415682962397021,0.43378714069051494,grade_7_2017_enrollment,3.933034672998353e-133,1.0
grade_8_2015_enrollment,0.635231869990576,4129.6441859581255,4137.656892277329,706.2943669709758,1.0153815900252753e-90,0.636132532039982,-9.508468065281225,const,0.0008363153877958024,
grade_8_2015_enrollment,0.635231869990576,4129.6441859581255,4137.656892277329,706.2943669709758,1.0153815900252753e-90,0.636132532039982,0.39512471345260575,grade_8_2015_enrollment,1.0153815900251676e-90,43.0
grade_8_2016_enrollment,0.6692845076413462,4309.961808542775,4318.08937896015,869.1874917028646,4.157103140664898e-105,0.6700554062249328,-10.72208597420816,const,3.184651579408309e-05,
grade_8_2016_enrollment,0.6692845076413462,4309.961808542775,4318.08937896015,869.1874917028646,4.157103140664898e-105,0.6700554062249328,0.4111784111681489,grade_8_2016_enrollment,4.157103140664942e-105,19.0
grade_8_2017_enrollment,0.6885867795411142,4456.370061009352,4464.584106784837,991.603021862224,1.5879435269842294e-115,0.6892818983367814,-10.201098316484236,const,1.8334819695767616e-05,
grade_8_2017_enrollment,0.6885867795411142,4456.370061009352,4464.584106784837,991.603021862224,1.5879435269842294e-115,0.6892818983367814,0.4074305652890703,grade_8_2017_enrollment,1.5879435269847093e-115,0.0
hispanic_2016_avg_ela,0.10952954268540793,4691.611030222093,4699.719908914632,53.27580012219626,1.4414491324708865e-12,0.11162476729085391,-115.81827721156648,const,2.820940193976267e-07,
hispanic_2016_avg_ela,0.10952954268540793,4691.611030222093,4699.719908914632,53.27580012219626,1.4414491324708865e-12,0.11162476729085391,61.796130688820284,hispanic_2016_avg_ela,1.4414491324707007e-12,23.0
hispanic_2016_avg_math,0.08663122426517156,4702.427080217436,4710.535958909974,41.31041052731041,3.499749441431827e-10,0.08878032726690044,-66.74615277273583,const,0.00017035867209771874,
hispanic_2016_avg_math,0.08663122426517156,4702.427080217436,4710.535958909974,41.31041052731041,3.499749441431827e-10,0.08878032726690044,44.43319624915643,hispanic_2016_avg_math,3.499749441431668e-10,23.0
hispanic_2016_incoming_ela,0.1808432176971031,3223.3469044594167,3230.665868890936,64.13951294643219,2.975944140415866e-14,0.18370740225060977,-184.21382139036,const,2.6386960674536677e-09,
hispanic_2016_incoming_ela,0.1808432176971031,3223.3469044594167,3230.665868890936,64.13951294643219,2.975944140415866e-14,0.18370740225060977,97.64378099880354,hispanic_2016_incoming_ela,2.975944140415901e-14,162.0
hispanic_2016_incoming_math,0.20152989215864003,3226.6077299252443,3233.9336508855163,73.43737552792795,6.58814227281783e-16,0.20431201796993403,-175.7244841486334,const,3.5310643519725505e-10,
hispanic_2016_incoming_math,0.20152989215864003,3226.6077299252443,3233.9336508855163,73.43737552792795,6.58814227281783e-16,0.20431201796993403,92.62338173335735,hispanic_2016_incoming_math,6.588142272817657e-16,161.0
hispanic_2016_num_students,0.10363537616771257,4889.967237329552,4898.163385893884,52.334139919240904,2.075427024696441e-12,0.10565421541057807,24.089575818578485,const,1.2411861039854136e-09,
hispanic_2016_num_students,0.10363537616771257,4889.967237329552,4898.163385893884,52.334139919240904,2.075427024696441e-12,0.10565421541057807,0.09308394494135641,hispanic_2016_num_students,2.075427024696597e-12,4.0
hispanic_2017_avg_ela,0.10498707127232043,4714.128571098954,4722.246817490118,51.08808028841423,3.861749782064984e-12,0.10708312028573408,-117.1499828517764,const,4.3511050099983864e-07,
hispanic_2017_avg_ela,0.10498707127232043,4714.128571098954,4722.246817490118,51.08808028841423,3.861749782064984e-12,0.10708312028573408,60.945134539228675,hispanic_2017_avg_ela,3.861749782065249e-12,21.0
hispanic_2017_avg_math,0.07557493813648619,4717.6557038113015,4725.769271837758,35.826969728884904,4.588527129180673e-09,0.077744950018795,-60.56280151092549,const,0.00075092837126209,
hispanic_2017_avg_math,0.07557493813648619,4717.6557038113015,4725.769271837758,35.826969728884904,4.588527129180673e-09,0.077744950018795,42.082954764220275,hispanic_2017_avg_math,4.588527129180826e-09,22.0
hispanic_2017_incoming_ela,0.18061546003374707,3182.324500596381,3189.6153943916675,63.160752668843905,4.6456567045161805e-14,0.18352107896979764,-178.61289914920533,const,4.641125702829804e-09,
hispanic_2017_incoming_ela,0.18061546003374707,3182.324500596381,3189.6153943916675,63.160752668843905,4.6456567045161805e-14,0.18352107896979764,93.07628729719139,hispanic_2017_incoming_ela,4.6456567045161616e-14,166.0
hispanic_2017_incoming_math,0.2040104551612142,3184.6553681370933,3191.9533166134156,73.53230797436773,6.670002387451315e-16,0.20682313906523808,-171.24547607885458,const,4.717998251375614e-10,
hispanic_2017_incoming_math,0.2040104551612142,3184.6553681370933,3191.9533166134156,73.53230797436773,6.670002387451315e-16,0.20682313906523808,89.65757864032244,hispanic_2017_incoming_math,6.670002387451378e-16,165.0
hispanic_2017_num_students,0.11052478356239337,4906.6733381292215,4914.878455318449,56.419254587275255,3.235403818887679e-13,0.11251912261270203,22.934126288645512,const,7.731415710948589e-09,
hispanic_2017_num_students,0.11052478356239337,4906.6733381292215,4914.878455318449,56.419254587275255,3.235403818887679e-13,0.11251912261270203,0.09679613704226057,hispanic_2017_num_students,3.235403818887028e-13,2.0
incoming_avg_5th_grade_ela_rating_2016_city_diff,0.2748413323747936,3386.565173133754,3394.0123433376584,116.5976065884071,3.192574408390668e-23,0.2772189017768435,60.32483413172508,const,3.292460749934898e-45,
incoming_avg_5th_grade_ela_rating_2016_city_diff,0.2748413323747936,3386.565173133754,3394.0123433376584,116.5976065884071,3.192574408390668e-23,0.2772189017768435,94.529718986636,incoming_avg_5th_grade_ela_rating_2016_city_diff,3.192574408390692e-23,143.0
incoming_avg_5th_grade_ela_rating_2016_dist_diff,0.08348142731998942,3458.227878945341,3465.6750491492458,28.781035858491485,1.60868761764955e-07,0.08648640624680926,53.35045806208021,const,6.21637517572754e-33,
incoming_avg_5th_grade_ela_rating_2016_dist_diff,0.08348142731998942,3458.227878945341,3465.6750491492458,28.781035858491485,1.60868761764955e-07,0.08648640624680926,65.15964834830672,incoming_avg_5th_grade_ela_rating_2016_dist_diff,1.6086876176496354e-07,143.0
incoming_avg_5th_grade_ela_rating_2016_val,0.2752710064229369,3386.3838069960875,3393.830977199992,116.84696859525909,2.9153295632148745e-23,0.27764716705761583,-203.80951744217361,const,6.0216123408668e-16,
incoming_avg_5th_grade_ela_rating_2016_val,0.2752710064229369,3386.3838069960875,3393.830977199992,116.84696859525909,2.9153295632148745e-23,0.27764716705761583,94.63908388226066,incoming_avg_5th_grade_ela_rating_2016_val,2.915329563215012e-23,143.0
incoming_avg_5th_grade_ela_rating_2017_city_diff,0.28489635414011527,3321.3381247730367,3328.745689722349,120.12120764740894,1.0374912963467036e-23,0.2872880051296133,62.0776861598198,const,1.3264519502832978e-45,
incoming_avg_5th_grade_ela_rating_2017_city_diff,0.28489635414011527,3321.3381247730367,3328.745689722349,120.12120764740894,1.0374912963467036e-23,0.2872880051296133,94.11625951520159,incoming_avg_5th_grade_ela_rating_2017_city_diff,1.0374912963466861e-23,149.0
incoming_avg_5th_grade_ela_rating_2017_dist_diff,0.089627425756727,3393.7660587328787,3401.173623682191,30.436959174145947,7.493576164149537e-08,0.09267215008529983,54.421024838573864,const,7.172423639318595e-33,
incoming_avg_5th_grade_ela_rating_2017_dist_diff,0.089627425756727,3393.7660587328787,3401.173623682191,30.436959174145947,7.493576164149537e-08,0.09267215008529983,66.27086052970152,incoming_avg_5th_grade_ela_rating_2017_dist_diff,7.493576164149446e-08,149.0
incoming_avg_5th_grade_ela_rating_2017_val,0.2850091472013506,3321.2908021402004,3328.698367089513,120.18716817095039,1.0131970834979728e-23,0.28740042095653007,-201.26903589500887,const,3.7098418591600206e-16,
incoming_avg_5th_grade_ela_rating_2017_val,0.2850091472013506,3321.2908021402004,3328.698367089513,120.18716817095039,1.0131970834979728e-23,0.28740042095653007,94.24145442493062,incoming_avg_5th_grade_ela_rating_2017_val,1.0131970834979209e-23,149.0
incoming_avg_5th_grade_math_rating_2016_city_diff,0.34782098218830093,3354.1073273741995,3361.554497578104,163.66300612274748,2.8346916258666652e-30,0.34995927404997873,63.88364064665615,const,1.2891207487475466e-51,
incoming_avg_5th_grade_math_rating_2016_city_diff,0.34782098218830093,3354.1073273741995,3361.554497578104,163.66300612274748,2.8346916258666652e-30,0.34995927404997873,92.7249891060062,incoming_avg_5th_grade_math_rating_2016_city_diff,2.8346916258668057e-30,143.0
incoming_avg_5th_grade_math_rating_2016_dist_diff,0.09563423455101239,3454.1432546204023,3461.590424824307,33.25292536762227,1.9888114990239583e-08,0.09859936820822224,54.05899919531142,const,8.752908004047728e-34,
incoming_avg_5th_grade_math_rating_2016_dist_diff,0.09563423455101239,3454.1432546204023,3461.590424824307,33.25292536762227,1.9888114990239583e-08,0.09859936820822224,63.36662705162723,incoming_avg_5th_grade_math_rating_2016_dist_diff,1.9888114990240052e-08,143.0
incoming_avg_5th_grade_math_rating_2016_val,0.3482648648563834,3353.8989883491613,3361.346158553066,163.98152125524143,2.554417539295958e-30,0.3504017013650511,-197.98273101892144,const,1.1567017836903462e-20,
incoming_avg_5th_grade_math_rating_2016_val,0.3482648648563834,3353.8989883491613,3361.346158553066,163.98152125524143,2.554417539295958e-30,0.3504017013650511,92.81199002641924,incoming_avg_5th_grade_math_rating_2016_val,2.5544175392960136e-30,143.0
incoming_avg_5th_grade_math_rating_2017_city_diff,0.361510707840469,3287.341348850879,3294.7489138001915,170.29289648493088,4.2927529135557405e-31,0.3636461235333103,66.16040139529333,const,1.7304754741131314e-52,
incoming_avg_5th_grade_math_rating_2017_city_diff,0.361510707840469,3287.341348850879,3294.7489138001915,170.29289648493088,4.2927529135557405e-31,0.3636461235333103,92.85817227543603,incoming_avg_5th_grade_math_rating_2017_city_diff,4.292752913555964e-31,149.0
incoming_avg_5th_grade_math_rating_2017_dist_diff,0.10433506678056848,3388.879792715501,3396.2873576648135,35.830195768920596,6.1759796361240745e-09,0.10733060167427899,55.308940267132144,const,6.929707346481488e-34,
incoming_avg_5th_grade_math_rating_2017_dist_diff,0.10433506678056848,3388.879792715501,3396.2873576648135,35.830195768920596,6.1759796361240745e-09,0.10733060167427899,65.37539776065425,incoming_avg_5th_grade_math_rating_2017_dist_diff,6.17597963612407e-09,149.0
incoming_avg_5th_grade_math_rating_2017_val,0.3607500479868899,3287.698539074271,3295.1061040235836,169.7356628004377,5.131292422859427e-31,0.3628880076926194,-196.35188642894423,const,4.784058110315535e-21,
incoming_avg_5th_grade_math_rating_2017_val,0.3607500479868899,3287.698539074271,3295.1061040235836,169.7356628004377,5.131292422859427e-31,0.3628880076926194,92.79177861249462,incoming_avg_5th_grade_math_rating_2017_val,5.1312924228590325e-31,149.0
incoming_ela_level_1_2016_city_diff,0.28412627376676214,3259.620764318613,3266.9879238532903,117.29005949372981,3.3573763342660836e-23,0.2865695288051008,53.25680927067563,const,2.114422471713514e-37,
incoming_ela_level_1_2016_city_diff,0.28412627376676214,3259.620764318613,3266.9879238532903,117.29005949372981,3.3573763342660836e-23,0.2865695288051008,-230.91461495406372,incoming_ela_level_1_2016_city_diff,3.357376334266027e-23,155.0
incoming_ela_level_1_2016_dist_diff,0.10988875593531,3323.666505432024,3331.0336649667015,37.17233879893085,3.4170281520509418e-09,0.11292667827000169,53.75498902729174,const,3.496613898031736e-32,
incoming_ela_level_1_2016_dist_diff,0.10988875593531,3323.666505432024,3331.0336649667015,37.17233879893085,3.4170281520509418e-09,0.11292667827000169,-176.82346444763553,incoming_ela_level_1_2016_dist_diff,3.4170281520509484e-09,155.0
incoming_ela_level_1_2016_n,0.19223393460632576,3409.0138321346258,3416.4544556878404,73.34658476503593,5.587882014091217e-16,0.1948910598214365,11.175679421847267,const,0.06146719012678886,
incoming_ela_level_1_2016_n,0.19223393460632576,3409.0138321346258,3416.4544556878404,73.34658476503593,5.587882014091217e-16,0.1948910598214365,0.2851497633884118,incoming_ela_level_1_2016_n,5.587882014091091e-16,144.0
incoming_ela_level_1_2016_val,0.3060995141686399,3332.068866428798,3339.489720463548,133.77977987632167,7.817754926042276e-26,0.30840483139731556,145.76997944683256,const,7.925734214294298e-44,
incoming_ela_level_1_2016_val,0.3060995141686399,3332.068866428798,3339.489720463548,133.77977987632167,7.817754926042276e-26,0.30840483139731556,-236.0898637590941,incoming_ela_level_1_2016_val,7.8177549260423e-26,147.0
incoming_ela_level_1_2017_city_diff,0.31739246914290475,3256.0734139359674,3263.447364648647,137.70137188619634,2.5232562178535767e-26,0.319714263465548,67.04429021570131,const,3.08196571456441e-49,
incoming_ela_level_1_2017_city_diff,0.31739246914290475,3256.0734139359674,3263.447364648647,137.70137188619634,2.5232562178535767e-26,0.319714263465548,-252.93821160295556,incoming_ela_level_1_2017_city_diff,2.5232562178535073e-26,154.0
incoming_ela_level_1_2017_dist_diff,0.09858830892554515,3338.095807199156,3345.4697579118356,33.155077542383644,2.1472429280615712e-08,0.10165433508566235,56.67500615297532,const,9.406054094030987e-34,
incoming_ela_level_1_2017_dist_diff,0.09858830892554515,3338.095807199156,3345.4697579118356,33.155077542383644,2.1472429280615712e-08,0.10165433508566235,-178.38009759955082,incoming_ela_level_1_2017_dist_diff,2.14724292806155e-08,154.0
incoming_ela_level_1_2017_n,0.19467081345641313,3346.407261925925,3353.8081490727063,73.03501795209228,6.793692328813729e-16,0.19737326039112324,10.798427744191516,const,0.07642717692853374,
incoming_ela_level_1_2017_n,0.19467081345641313,3346.407261925925,3353.8081490727063,73.03501795209228,6.793692328813729e-16,0.19737326039112324,0.31193773929414564,incoming_ela_level_1_2017_n,6.793692328813693e-16,150.0
incoming_ela_level_1_2017_val,0.31736460244040854,3256.0854567410483,3263.459407453728,137.6837896936555,2.5384999643632629e-26,0.3196864915477541,146.97440414890343,const,2.5115918201930845e-44,
incoming_ela_level_1_2017_val,0.31736460244040854,3256.0854567410483,3263.459407453728,137.6837896936555,2.5384999643632629e-26,0.3196864915477541,-252.92202695390398,incoming_ela_level_1_2017_val,2.5384999643633294e-26,154.0
incoming_ela_level_2_2016_city_diff,0.0662753527115778,3348.0809005144183,3355.454851227098,21.867986888628334,4.463691985807757e-06,0.06945128688602831,50.99383557123439,const,8.137327540493799e-29,
incoming_ela_level_2_2016_city_diff,0.0662753527115778,3348.0809005144183,3355.454851227098,21.867986888628334,4.463691985807757e-06,0.06945128688602831,-273.16991604692544,incoming_ela_level_2_2016_city_diff,4.463691985807674e-06,154.0
incoming_ela_level_2_2016_dist_diff,0.03361858561065101,3358.2221186462684,3365.596069358948,11.227705150742127,0.000911512815258466,0.036905597224220266,51.49572891355309,const,1.6009425097869305e-28,
incoming_ela_level_2_2016_dist_diff,0.03361858561065101,3358.2221186462684,3365.596069358948,11.227705150742127,0.000911512815258466,0.036905597224220266,-219.23341521700831,incoming_ela_level_2_2016_dist_diff,0.0009115128152584048,154.0
incoming_ela_level_2_2016_n,0.5308268666310691,3243.30713725694,3250.747760810155,344.94844030626075,6.119160308237495e-52,0.5323701993066248,-5.66793843902696,const,0.17380221286673794,
incoming_ela_level_2_2016_n,0.5308268666310691,3243.30713725694,3250.747760810155,344.94844030626075,6.119160308237495e-52,0.5323701993066248,0.4338009163535723,incoming_ela_level_2_2016_n,6.1191603082375805e-52,144.0
incoming_ela_level_2_2016_val,0.06401312578200724,3443.121940505309,3450.5559959081215,21.722488366253327,4.733256547751012e-06,0.06710219137348572,136.59230193287755,const,2.6145779147781466e-12,
incoming_ela_level_2_2016_val,0.06401312578200724,3443.121940505309,3450.5559959081215,21.722488366253327,4.733256547751012e-06,0.06710219137348572,-267.284051565073,incoming_ela_level_2_2016_val,4.733256547750937e-06,145.0
incoming_ela_level_2_2017_city_diff,0.08642182001367316,3373.2967373616175,3380.690924334628,29.095330105678592,1.4120992982387886e-07,0.08949784082170786,53.674818382254976,const,4.544310272058364e-32,
incoming_ela_level_2_2017_city_diff,0.08642182001367316,3373.2967373616175,3380.690924334628,29.095330105678592,1.4120992982387886e-07,0.08949784082170786,-302.05695771488485,incoming_ela_level_2_2017_city_diff,1.4120992982388013e-07,151.0
incoming_ela_level_2_2017_dist_diff,0.021952110163063532,3393.6172622654935,3401.011449238504,7.666111942143072,0.0059818089526936374,0.025245200701234927,52.149370537122294,const,2.762584368027042e-29,
incoming_ela_level_2_2017_dist_diff,0.021952110163063532,3393.6172622654935,3401.011449238504,7.666111942143072,0.0059818089526936374,0.025245200701234927,-176.44507516882035,incoming_ela_level_2_2017_dist_diff,0.005981808952693765,151.0
incoming_ela_level_2_2017_n,0.5181302953168241,3182.6675678238917,3190.0617547969023,320.3491855029033,4.6078204052572704e-49,0.5197527522349492,-5.63186156189036,const,0.1945930363802085,
incoming_ela_level_2_2017_n,0.5181302953168241,3182.6675678238917,3190.0617547969023,320.3491855029033,4.6078204052572704e-49,0.5197527522349492,0.4264024022700675,incoming_ela_level_2_2017_n,4.607820405257586e-49,151.0
incoming_ela_level_2_2017_val,0.08644532588478993,3373.289069884589,3380.6832568575996,29.10369484743588,1.4065600724521417e-07,0.08952126754847745,149.93493267142057,const,2.0924140153740016e-14,
incoming_ela_level_2_2017_val,0.08644532588478993,3373.289069884589,3380.6832568575996,29.10369484743588,1.4065600724521417e-07,0.08952126754847745,-302.1668760052394,incoming_ela_level_2_2017_val,1.406560072452154e-07,151.0
incoming_ela_level_3_2016_city_diff,0.24182182346757208,3265.3412411489517,3272.701586366986,94.13374433365915,1.824029292761641e-19,0.24441832407213515,52.15010569174989,const,1.1472516671887126e-34,
incoming_ela_level_3_2016_city_diff,0.24182182346757208,3265.3412411489517,3272.701586366986,94.13374433365915,1.824029292761641e-19,0.24441832407213515,373.20534446750185,incoming_ela_level_3_2016_city_diff,1.8240292927616616e-19,156.0
incoming_ela_level_3_2016_dist_diff,0.09121224085496271,3318.4308367996373,3325.7911820176714,30.30714466786569,8.102064076347526e-08,0.0943245277013498,53.142332769066115,const,4.103226209939945e-31,
incoming_ela_level_3_2016_dist_diff,0.09121224085496271,3318.4308367996373,3325.7911820176714,30.30714466786569,8.102064076347526e-08,0.0943245277013498,274.39352710267747,incoming_ela_level_3_2016_dist_diff,8.102064076347964e-08,156.0
incoming_ela_level_3_2016_n,0.8521182119036617,2873.198527716475,2880.6259933274937,1741.1716824472014,3.564905264824965e-127,0.8526078866986826,-3.55007859909399,const,0.0865149892141024,
incoming_ela_level_3_2016_n,0.8521182119036617,2873.198527716475,2880.6259933274937,1741.1716824472014,3.564905264824965e-127,0.8526078866986826,0.5692290885853598,incoming_ela_level_3_2016_n,3.564905264824697e-127,146.0
incoming_ela_level_3_2016_val,0.27123354946207257,3345.880063961615,3353.300917996365,113.02669706848009,1.2946384984876992e-22,0.2736547004605375,-26.60471468143642,const,0.0012535662901252713,
incoming_ela_level_3_2016_val,0.27123354946207257,3345.880063961615,3353.300917996365,113.02669706848009,1.2946384984876992e-22,0.2736547004605375,394.11951515717004,incoming_ela_level_3_2016_val,1.294638498487741e-22,147.0
incoming_ela_level_3_2017_city_diff,0.25074487434462744,3271.6780302674697,3279.045189802147,99.05504916461298,2.766747193380183e-20,0.25330205907382664,62.91526007708106,const,1.2992442420392386e-43,
incoming_ela_level_3_2017_city_diff,0.25074487434462744,3271.6780302674697,3279.045189802147,99.05504916461298,2.766747193380183e-20,0.25330205907382664,451.6730036235426,incoming_ela_level_3_2017_city_diff,2.766747193380327e-20,155.0
incoming_ela_level_3_2017_dist_diff,0.062316821593002336,3337.6318093277187,3344.998968862396,20.472279280693748,8.813106357340456e-06,0.06551710547835032,54.69089189029016,const,1.272783782733227e-31,
incoming_ela_level_3_2017_dist_diff,0.062316821593002336,3337.6318093277187,3344.998968862396,20.472279280693748,8.813106357340456e-06,0.06551710547835032,275.33454290613065,incoming_ela_level_3_2017_dist_diff,8.813106357340395e-06,155.0
incoming_ela_level_3_2017_n,0.8271874438511619,2877.0786287078663,2884.472815680877,1422.625119717592,4.477466072986747e-115,0.8277693043095755,-4.902130388636247,const,0.03404696954890852,
incoming_ela_level_3_2017_n,0.8271874438511619,2877.0786287078663,2884.472815680877,1422.625119717592,4.477466072986747e-115,0.8277693043095755,0.6035113974768942,incoming_ela_level_3_2017_n,4.4774660729871005e-115,151.0
incoming_ela_level_3_2017_val,0.2505734156113294,3271.745301212957,3279.1124607476345,98.96558102353512,2.8616768205335504e-20,0.25313118552391867,-35.815370330156085,const,0.00023012957727168592,
incoming_ela_level_3_2017_val,0.2505734156113294,3271.745301212957,3279.1124607476345,98.96558102353512,2.8616768205335504e-20,0.25313118552391867,451.6815565642013,incoming_ela_level_3_2017_val,2.8616768205336804e-20,155.0
incoming_ela_level_4_2016_city_diff,0.1969955149271546,2555.9125015806476,2562.7447023850564,55.9523647301666,1.6910907105773017e-12,0.20058035637837268,60.88105983114146,const,1.1772517656127734e-28,
incoming_ela_level_4_2016_city_diff,0.1969955149271546,2555.9125015806476,2562.7447023850564,55.9523647301666,1.6910907105773017e-12,0.20058035637837268,291.6444802203883,incoming_ela_level_4_2016_city_diff,1.6910907105773673e-12,224.0
incoming_ela_level_4_2016_dist_diff,0.07690501472936573,2587.2711653931547,2594.1033661975634,19.661918409541986,1.4508942753651001e-05,0.08102597448503823,63.844543509143556,const,5.663539868455448e-28,
incoming_ela_level_4_2016_dist_diff,0.07690501472936573,2587.2711653931547,2594.1033661975634,19.661918409541986,1.4508942753651001e-05,0.08102597448503823,227.7777224035371,incoming_ela_level_4_2016_dist_diff,1.4508942753651035e-05,224.0
incoming_ela_level_4_2016_n,0.7662454331057614,2918.108112842292,2925.468458060326,958.1734552168743,4.619351146448401e-94,0.7670459624444403,16.76326168091303,const,9.662510953835098e-12,
incoming_ela_level_4_2016_n,0.7662454331057614,2918.108112842292,2925.468458060326,958.1734552168743,4.619351146448401e-94,0.7670459624444403,0.7170806226848352,incoming_ela_level_4_2016_n,4.6193511464481657e-94,156.0
incoming_ela_level_4_2016_val,0.1561927825353202,2564.9748763084644,2571.8070771128732,42.46347952916893,4.73310167219734e-10,0.15995977904185898,38.30481469435479,const,7.69518928672699e-09,
incoming_ela_level_4_2016_val,0.1561927825353202,2564.9748763084644,2571.8070771128732,42.46347952916893,4.73310167219734e-10,0.15995977904185898,234.62891124962542,incoming_ela_level_4_2016_val,4.733101672197386e-10,224.0
incoming_ela_level_4_2017_city_diff,0.1943261003607909,2791.1929239177653,2798.2117005910213,60.33445369170074,2.1875467031976812e-13,0.1976011975137959,64.27418963257563,const,2.152244092461341e-35,
incoming_ela_level_4_2017_city_diff,0.1943261003607909,2791.1929239177653,2798.2117005910213,60.33445369170074,2.1875467031976812e-13,0.1976011975137959,236.898923653743,incoming_ela_level_4_2017_city_diff,2.1875467031977564e-13,202.0
incoming_ela_level_4_2017_dist_diff,0.04319808653196311,2833.6565003367527,2840.675277010009,12.10650923381325,0.0005945705259221301,0.04708752520459747,60.74087190258802,const,5.238524689197444e-29,
incoming_ela_level_4_2017_dist_diff,0.04319808653196311,2833.6565003367527,2840.675277010009,12.10650923381325,0.0005945705259221301,0.04708752520459747,145.6460843390123,incoming_ela_level_4_2017_dist_diff,0.0005945705259221612,202.0
incoming_ela_level_4_2017_n,0.7971181359540986,2897.107820341658,2904.481771054338,1156.1191777175488,1.0260517933755119e-103,0.7978082103216018,13.119981763484326,const,1.0301406150902104e-08,
incoming_ela_level_4_2017_n,0.7971181359540986,2897.107820341658,2904.481771054338,1156.1191777175488,1.0260517933755119e-103,0.7978082103216018,0.6282171445554171,incoming_ela_level_4_2017_n,1.0260517933755164e-103,154.0
incoming_ela_level_4_2017_val,0.1942391421091797,2791.219581761737,2798.238358434993,60.3015017928964,2.2171277337901982e-13,0.19751459275101235,29.497641431175655,const,1.328353677711385e-06,
incoming_ela_level_4_2017_val,0.1942391421091797,2791.219581761737,2798.238358434993,60.3015017928964,2.2171277337901982e-13,0.19751459275101235,236.82936892447327,incoming_ela_level_4_2017_val,2.2171277337902085e-13,202.0
incoming_math_level_1_2016_city_diff,0.3263616258601203,3241.742518079505,3249.109677614182,142.9514683959484,4.3759780447117425e-27,0.3286607329390959,53.87432460271461,const,1.0096819474558134e-39,
incoming_math_level_1_2016_city_diff,0.3263616258601203,3241.742518079505,3249.109677614182,142.9514683959484,4.3759780447117425e-27,0.3286607329390959,-230.503966697127,incoming_math_level_1_2016_city_diff,4.3759780447113106e-27,155.0
incoming_math_level_1_2016_dist_diff,0.13323787587224123,3315.8514339627586,3323.218593497436,46.039690295479986,6.449019999277886e-11,0.1361961083777966,54.31897528211508,const,2.6948267269593893e-33,
incoming_math_level_1_2016_dist_diff,0.13323787587224123,3315.8514339627586,3323.218593497436,46.039690295479986,6.449019999277886e-11,0.1361961083777966,-183.93443939017232,incoming_math_level_1_2016_dist_diff,6.449019999277985e-11,155.0
incoming_math_level_1_2016_n,0.11268811291098302,3437.7117397460097,3445.1523632992244,39.60782980979272,1.0860560959423663e-09,0.11560690201324941,19.128043589946415,const,0.0030069561725099407,
incoming_math_level_1_2016_n,0.11268811291098302,3437.7117397460097,3445.1523632992244,39.60782980979272,1.0860560959423663e-09,0.11560690201324941,0.23395213447931087,incoming_math_level_1_2016_n,1.0860560959423981e-09,144.0
incoming_math_level_1_2016_val,0.34560536537145503,3314.3662389712717,3321.7870930060217,159.96709641554006,1.1191346585010036e-29,0.3477794339250383,142.15878216551152,const,1.812079537695576e-49,
incoming_math_level_1_2016_val,0.34560536537145503,3314.3662389712717,3321.7870930060217,159.96709641554006,1.1191346585010036e-29,0.3477794339250383,-227.00338283930404,incoming_math_level_1_2016_val,1.1191346585009738e-29,147.0
incoming_math_level_1_2017_city_diff,0.36099179080131316,3256.9569158080735,3264.344380085679,168.21783623278105,9.539141458463337e-31,0.3631506023188763,69.37417843240324,const,1.4882658106887575e-53,
incoming_math_level_1_2017_city_diff,0.36099179080131316,3256.9569158080735,3264.344380085679,168.21783623278105,9.539141458463337e-31,0.3631506023188763,-233.04459000284572,incoming_math_level_1_2017_city_diff,9.539141458463076e-31,152.0
incoming_math_level_1_2017_dist_diff,0.10387359190336976,3357.391677935638,3364.7791422132436,35.31054249221722,7.913997009617018e-09,0.10690104598477723,57.01227053987434,const,2.2687111325155515e-34,
incoming_math_level_1_2017_dist_diff,0.10387359190336976,3357.391677935638,3364.7791422132436,35.31054249221722,7.913997009617018e-09,0.10690104598477723,-163.24074058176313,incoming_math_level_1_2017_dist_diff,7.913997009616964e-09,152.0
incoming_math_level_1_2017_n,0.12583311248982354,3381.591268613778,3388.9988335630906,44.039951720911255,1.5172512071879036e-10,0.12875674756510846,17.116747670151966,const,0.008674842979026267,
incoming_math_level_1_2017_n,0.12583311248982354,3381.591268613778,3388.9988335630906,44.039951720911255,1.5172512071879036e-10,0.12875674756510846,0.24813729538277468,incoming_math_level_1_2017_n,1.517251207187803e-10,149.0
incoming_math_level_1_2017_val,0.36129172112299224,3256.8174806391517,3264.204944916757,168.43535818955453,8.897331512088326e-31,0.3634495193624415,146.4348300296562,const,2.8966029423982504e-50,
incoming_math_level_1_2017_val,0.36129172112299224,3256.8174806391517,3264.204944916757,168.43535818955453,8.897331512088326e-31,0.3634495193624415,-233.14071911621244,incoming_math_level_1_2017_val,8.897331512088242e-31,152.0
incoming_math_level_2_2016_city_diff,0.08240633873882319,3353.775357091934,3361.1560760005823,27.493066543790615,3.017996889842824e-07,0.08551682572614916,49.4917045462275,const,8.386917562036125e-28,
incoming_math_level_2_2016_city_diff,0.08240633873882319,3353.775357091934,3361.1560760005823,27.493066543790615,3.017996889842824e-07,0.08551682572614916,-295.13351689562074,incoming_math_level_2_2016_city_diff,3.01799688984275e-07,153.0
incoming_math_level_2_2016_dist_diff,0.029910616714507343,3370.242890003019,3377.6236089116674,10.095689616657594,0.0016443667102887195,0.03319905530191569,50.624297823553654,const,1.1901176231550422e-27,
incoming_math_level_2_2016_dist_diff,0.029910616714507343,3370.242890003019,3377.6236089116674,10.095689616657594,0.0016443667102887195,0.03319905530191569,-201.12358484891584,incoming_math_level_2_2016_dist_diff,0.0016443667102887026,153.0
incoming_math_level_2_2016_n,0.4507523465129549,3291.368300502694,3298.808924055909,250.48438554079382,1.5467178565658497e-41,0.4525590822152149,-0.8775546497095373,const,0.8448946638706982,
incoming_math_level_2_2016_n,0.4507523465129549,3291.368300502694,3298.808924055909,250.48438554079382,1.5467178565658497e-41,0.4525590822152149,0.43215891360883574,incoming_math_level_2_2016_n,1.5467178565657913e-41,144.0
incoming_math_level_2_2016_val,0.07172470570535239,3441.088972540642,3448.5230279434545,24.411789543785403,1.2909207955690388e-06,0.07478832053800788,131.00286148580787,const,6.066199649087064e-14,
incoming_math_level_2_2016_val,0.07172470570535239,3441.088972540642,3448.5230279434545,24.411789543785403,1.2909207955690388e-06,0.07478832053800788,-276.5001526622541,incoming_math_level_2_2016_val,1.2909207955689789e-06,145.0
incoming_math_level_2_2017_city_diff,0.10478286216874466,3367.246546436048,3374.6407334090586,35.76308567942453,6.410887641881511e-09,0.10779706128602151,54.35696328595115,const,4.357690022823434e-33,
incoming_math_level_2_2017_city_diff,0.10478286216874466,3367.246546436048,3374.6407334090586,35.76308567942453,6.410887641881511e-09,0.10779706128602151,-355.5135530552268,incoming_math_level_2_2017_city_diff,6.410887641881589e-09,151.0
incoming_math_level_2_2017_dist_diff,0.023262383130772113,3393.2177694295638,3400.6119564025744,8.073473643806947,0.004803640868924861,0.02655106197544954,52.22001855663563,const,2.284150714650923e-29,
incoming_math_level_2_2017_dist_diff,0.023262383130772113,3393.2177694295638,3400.6119564025744,8.073473643806947,0.004803640868924861,0.02655106197544954,-195.99084848290698,incoming_math_level_2_2017_dist_diff,0.004803640868924842,151.0
incoming_math_level_2_2017_n,0.43540914906291295,3250.440270698382,3257.8478356476944,231.58704432374495,4.3032208944466266e-39,0.4372974127784216,-0.6926111135886528,const,0.8815561528550118,
incoming_math_level_2_2017_n,0.43540914906291295,3250.440270698382,3257.8478356476944,231.58704432374495,4.3032208944466266e-39,0.4372974127784216,0.4782914793404275,incoming_math_level_2_2017_n,4.30322089444654e-39,149.0
incoming_math_level_2_2017_val,0.1049734459184487,3367.1830981380504,3374.577285111061,35.83373012298195,6.206857335443571e-09,0.10798700333959865,144.87959156389394,const,2.3630914256878073e-17,
incoming_math_level_2_2017_val,0.1049734459184487,3367.1830981380504,3374.577285111061,35.83373012298195,6.206857335443571e-09,0.10798700333959865,-355.67412957603267,incoming_math_level_2_2017_val,6.2068573354435905e-09,151.0
incoming_math_level_3_2016_city_diff,0.2037078240213015,3269.0056752648734,3276.35918286941,75.44375139984355,2.793541937861042e-16,0.20644422325146872,52.45092873589253,const,1.4593767747567985e-33,
incoming_math_level_3_2016_city_diff,0.2037078240213015,3269.0056752648734,3276.35918286941,75.44375139984355,2.793541937861042e-16,0.20644422325146872,385.2024498167114,incoming_math_level_3_2016_city_diff,2.7935419378610806e-16,157.0
incoming_math_level_3_2016_dist_diff,0.0635131022065506,3316.3591276345105,3323.712635239047,20.73579426007371,7.769756435785577e-06,0.06673127024020498,53.20185646169929,const,2.496773029588669e-30,
incoming_math_level_3_2016_dist_diff,0.0635131022065506,3316.3591276345105,3323.712635239047,20.73579426007371,7.769756435785577e-06,0.06673127024020498,252.76033738366658,incoming_math_level_3_2016_dist_diff,7.76975643578558e-06,157.0
incoming_math_level_3_2016_n,0.8168862511206055,2947.1477904089993,2954.581845811812,1352.709173146617,1.4424237666998104e-113,0.817490586925488,-3.880701753839217,const,0.0947309462004281,
incoming_math_level_3_2016_n,0.8168862511206055,2947.1477904089993,2954.581845811812,1352.709173146617,1.4424237666998104e-113,0.817490586925488,0.5642513051410605,incoming_math_level_3_2016_n,1.4424237666999763e-113,145.0
incoming_math_level_3_2016_val,0.23179230413534546,3351.155307292374,3358.569527821872,91.51938898156394,4.329987974478943e-19,0.23435299645489427,-27.315829366974892,const,0.002729876819318843,
incoming_math_level_3_2016_val,0.23179230413534546,3351.155307292374,3358.569527821872,91.51938898156394,4.329987974478943e-19,0.23435299645489427,391.9647467797076,incoming_math_level_3_2016_val,4.329987974479058e-19,148.0
incoming_math_level_3_2017_city_diff,0.22369903608575292,3292.7775000596152,3300.151450772295,85.71909693065416,4.555082667439329e-18,0.226339515554849,62.255177548986104,const,4.813182636666151e-42,
incoming_math_level_3_2017_city_diff,0.22369903608575292,3292.7775000596152,3300.151450772295,85.71909693065416,4.555082667439329e-18,0.226339515554849,375.29048175394155,incoming_math_level_3_2017_city_diff,4.555082667439199e-18,154.0
incoming_math_level_3_2017_dist_diff,0.053641268328183056,3351.2115192656406,3358.5854699783204,17.664434279193436,3.5029331184096545e-05,0.05686017557876755,54.244726487787155,const,3.441677507157814e-31,
incoming_math_level_3_2017_dist_diff,0.053641268328183056,3351.2115192656406,3358.5854699783204,17.664434279193436,3.5029331184096545e-05,0.05686017557876755,231.30763334552688,incoming_math_level_3_2017_dist_diff,3.5029331184095955e-05,154.0
incoming_math_level_3_2017_n,0.7984545463960177,2941.414356987132,2948.8219219364446,1185.5363172592647,7.040285759125035e-106,0.7991286114582383,-4.142422294207964,const,0.09502633053972015,
incoming_math_level_3_2017_n,0.7984545463960177,2941.414356987132,2948.8219219364446,1185.5363172592647,7.040285759125035e-106,0.7991286114582383,0.5165363331349113,incoming_math_level_3_2017_n,7.040285759124731e-106,149.0
incoming_math_level_3_2017_val,0.223466521949782,3292.865843889158,3300.2397946018377,85.60569867277141,4.761742845359709e-18,0.22610779228328615,-30.667832610417623,const,0.0017495931244207528,
incoming_math_level_3_2017_val,0.223466521949782,3292.865843889158,3300.2397946018377,85.60569867277141,4.761742845359709e-18,0.22610779228328615,375.1458057900475,incoming_math_level_3_2017_val,4.761742845359636e-18,154.0
incoming_math_level_4_2016_city_diff,0.30545438453100826,2702.423859485039,2709.4017349373526,106.98944839967756,5.627678580395291e-21,0.3083363165454024,57.1415394548337,const,3.059720837218103e-32,
incoming_math_level_4_2016_city_diff,0.30545438453100826,2702.423859485039,2709.4017349373526,106.98944839967756,5.627678580395291e-21,0.3083363165454024,295.2191345154238,incoming_math_level_4_2016_city_diff,5.627678580395401e-21,207.0
incoming_math_level_4_2016_dist_diff,0.1335529496678538,2755.940503892402,2762.9183793447155,38.14740659295267,2.782866282846926e-09,0.13714816564433574,60.63816503899576,const,3.6947748223294925e-30,
incoming_math_level_4_2016_dist_diff,0.1335529496678538,2755.940503892402,2762.9183793447155,38.14740659295267,2.782866282846926e-09,0.13714816564433574,250.29269390775534,incoming_math_level_4_2016_dist_diff,2.7828662828469066e-09,207.0
incoming_math_level_4_2016_n,0.8363463918363196,2858.716091023714,2866.1102779967246,1518.808749605761,1.4077094495264708e-118,0.836897414086029,14.70075886413252,const,5.502595813630209e-13,
incoming_math_level_4_2016_n,0.8363463918363196,2858.716091023714,2866.1102779967246,1518.808749605761,1.4077094495264708e-118,0.836897414086029,0.5412365481552819,incoming_math_level_4_2016_n,1.4077094495263449e-118,151.0
incoming_math_level_4_2016_val,0.27068946537695093,2775.795715830017,2782.8225733223467,92.67603479451212,8.024857600299176e-19,0.2736421396061941,24.77740724759876,const,1.4182008068535133e-05,
incoming_math_level_4_2016_val,0.27068946537695093,2775.795715830017,2782.8225733223467,92.67603479451212,8.024857600299176e-19,0.2736421396061941,259.4909536198906,incoming_math_level_4_2016_val,8.02485760029944e-19,201.0
incoming_math_level_4_2017_city_diff,0.28844357118792274,2707.725570100665,2714.703445552979,98.69415023393503,1.0551283037771183e-19,0.29139608749004753,68.32799746276743,const,2.1307871798052644e-40,
incoming_math_level_4_2017_city_diff,0.28844357118792274,2707.725570100665,2714.703445552979,98.69415023393503,1.0551283037771183e-19,0.29139608749004753,266.5601681141892,incoming_math_level_4_2017_city_diff,1.0551283037771148e-19,207.0
incoming_math_level_4_2017_dist_diff,0.06330984215109237,2774.2508446871093,2781.228720139423,17.28892097409483,4.471315418278623e-05,0.0671965233039924,62.76231668716497,const,5.3425672086525994e-30,
incoming_math_level_4_2017_dist_diff,0.06330984215109237,2774.2508446871093,2781.228720139423,17.28892097409483,4.471315418278623e-05,0.0671965233039924,164.0004835560008,incoming_math_level_4_2017_dist_diff,4.47131541827855e-05,207.0
incoming_math_level_4_2017_n,0.8402324541278452,2808.55404926135,2815.914394479384,1536.6552875992522,3.961049211022293e-118,0.8407796032575443,14.384414574946682,const,2.109286991055843e-12,
incoming_math_level_4_2017_n,0.8402324541278452,2808.55404926135,2815.914394479384,1536.6552875992522,3.961049211022293e-118,0.8407796032575443,0.5294179729192786,incoming_math_level_4_2017_n,3.9610492110221577e-118,156.0
incoming_math_level_4_2017_val,0.2884081564326857,2707.7376143422043,2714.715489794518,98.67729398334814,1.0615112578762633e-19,0.2913608196840023,23.743430425292416,const,3.89545651122005e-05,
incoming_math_level_4_2017_val,0.2884081564326857,2707.7376143422043,2714.715489794518,98.67729398334814,1.0615112578762633e-19,0.2913608196840023,266.6037634248174,incoming_math_level_4_2017_val,1.0615112578762522e-19,207.0
pct_8th_graders_w_hs_credit_2016,0.08494219454909635,4726.967052258365,4735.085298649528,40.63718669619076,4.770857335622807e-10,0.08708518706771662,24.680947192374788,const,1.0301909452012746e-08,
pct_8th_graders_w_hs_credit_2016,0.08494219454909635,4726.967052258365,4735.085298649528,40.63718669619076,4.770857335622807e-10,0.08708518706771662,66.18980933507719,pct_8th_graders_w_hs_credit_2016,4.770857335623271e-10,21.0
pct_8th_graders_w_hs_credit_2016_city_diff,0.07696553355317548,4730.681808465254,4738.800054856418,36.60461068557421,3.1713263176885528e-09,0.07912720677670426,45.74519235894367,const,1.834302494809143e-43,
pct_8th_graders_w_hs_credit_2016_city_diff,0.07696553355317548,4730.681808465254,4738.800054856418,36.60461068557421,3.1713263176885528e-09,0.07912720677670426,63.16719198774436,pct_8th_graders_w_hs_credit_2016_city_diff,3.1713263176888803e-09,21.0
pct_8th_graders_w_hs_credit_2016_comp_diff,-0.002065680651844426,4765.84297295515,4773.961219346314,0.11977263030920042,0.7294520772441461,0.00028107738246896385,44.13875619711435,const,8.732930182197208e-39,
pct_8th_graders_w_hs_credit_2016_comp_diff,-0.002065680651844426,4765.84297295515,4773.961219346314,0.11977263030920042,0.7294520772441461,0.00028107738246896385,4.97168995117638,pct_8th_graders_w_hs_credit_2016_comp_diff,0.7294520772442921,21.0
pct_8th_graders_w_hs_credit_2017,0.09373063910246815,4904.547992519227,4912.748630423267,47.02399264528856,2.3597105080082147e-11,0.09576719946403567,23.244962996438694,const,2.259988079244181e-08,
pct_8th_graders_w_hs_credit_2017,0.09373063910246815,4904.547992519227,4912.748630423267,47.02399264528856,2.3597105080082147e-11,0.09576719946403567,67.68751907290968,pct_8th_graders_w_hs_credit_2017,2.359710508008153e-11,3.0
pct_8th_graders_w_hs_credit_2017_city_diff,0.08544159502039206,4908.608716183862,4916.809354087903,42.573626765720086,1.8596139151284826e-10,0.08749678244731263,45.3056035534123,const,3.3838473916071742e-46,
pct_8th_graders_w_hs_credit_2017_city_diff,0.08544159502039206,4908.608716183862,4916.809354087903,42.573626765720086,1.8596139151284826e-10,0.08749678244731263,64.63364385012355,pct_8th_graders_w_hs_credit_2017_city_diff,1.8596139151284604e-10,3.0
pct_8th_graders_w_hs_credit_2017_comp_diff,-0.0010568044528100895,4948.913822770593,4957.114460674633,0.530218485695724,0.4668988589420263,0.0011927613998929942,43.64591653506841,const,7.141339120469145e-41,
pct_8th_graders_w_hs_credit_2017_comp_diff,-0.0010568044528100895,4948.913822770593,4957.114460674633,0.530218485695724,0.4668988589420263,0.0011927613998929942,9.779290567268308,pct_8th_graders_w_hs_credit_2017_comp_diff,0.4668988589420875,3.0
pct_ell_2016_city_diff,0.024299000397451476,4476.86388633242,4484.856790509659,10.986562649159126,0.0010014517868841282,0.026732169972520148,45.68643651368836,const,4.1722594246457914e-38,
pct_ell_2016_city_diff,0.024299000397451476,4476.86388633242,4484.856790509659,10.986562649159126,0.0010014517868841282,0.026732169972520148,-91.44607004968563,pct_ell_2016_city_diff,0.0010014517868841212,47.0
pct_ell_2016_dist_diff,0.015172153985041126,4480.606773126351,4488.5996773035895,7.177763730605448,0.007685851968315139,0.0176280837756021,45.114465028479685,const,2.5533784754850914e-37,
pct_ell_2016_dist_diff,0.015172153985041126,4480.606773126351,4488.5996773035895,7.177763730605448,0.007685851968315139,0.0176280837756021,-89.33167206858536,pct_ell_2016_dist_diff,0.0076858519683155055,47.0
pct_ell_2016_val,0.019436861461648913,4478.86216850586,4486.855072683098,8.948678815052515,0.002948585130177363,0.02188215607147015,54.772912925429424,const,2.216203117014025e-27,
pct_ell_2016_val,0.019436861461648913,4478.86216850586,4486.855072683098,8.948678815052515,0.002948585130177363,0.02188215607147015,-82.14300393488668,pct_ell_2016_val,0.00294858513017754,47.0
pct_ell_2017_city_diff,0.02508343767880017,4436.441607865048,4444.414511875617,11.21433540402081,0.0008894780942444714,0.027539146903790668,46.275141054629444,const,4.2835107133887885e-38,
pct_ell_2017_city_diff,0.02508343767880017,4436.441607865048,4444.414511875617,11.21433540402081,0.0008894780942444714,0.027539146903790668,-92.38786795336044,pct_ell_2017_city_diff,0.0008894780942444436,51.0
pct_ell_2017_dist_diff,0.019193953324516233,4438.838698176221,4446.81160218679,8.769119588588937,0.0032482312644301087,0.021664497522691284,45.834329780936784,const,1.4808302385525855e-37,
pct_ell_2017_dist_diff,0.019193953324516233,4438.838698176221,4446.81160218679,8.769119588588937,0.0032482312644301087,0.021664497522691284,-98.87534925547763,pct_ell_2017_dist_diff,0.003248231264430037,51.0
pct_ell_2017_val,0.018973650481647897,4438.928084539705,4446.900988550274,8.678223163845143,0.003410558044419071,0.0214447495988227,55.61827388939365,const,1.9162781998640092e-26,
pct_ell_2017_val,0.018973650481647897,4438.928084539705,4446.900988550274,8.678223163845143,0.003410558044419071,0.0214447495988227,-80.81631782642279,pct_ell_2017_val,0.0034105580444190103,51.0
pct_hra_assistance_2016_city_diff,0.16012465823100064,4901.837672386688,4910.051718162173,86.41249316403749,6.486779531152249e-19,0.16199937997602076,47.9630823869677,const,3.3102608321814626e-53,
pct_hra_assistance_2016_city_diff,0.16012465823100064,4901.837672386688,4910.051718162173,86.41249316403749,6.486779531152249e-19,0.16199937997602076,-132.61009917970384,pct_hra_assistance_2016_city_diff,6.486779531153536e-19,0.0
pct_hra_assistance_2016_dist_diff,0.05552113425106797,4954.541217132719,4962.755262908204,27.335653497926405,2.6314440770614496e-07,0.057629346004971826,44.713335181012354,const,1.504430273116314e-44,
pct_hra_assistance_2016_dist_diff,0.05552113425106797,4954.541217132719,4962.755262908204,27.335653497926405,2.6314440770614496e-07,0.057629346004971826,-118.72412700070169,pct_hra_assistance_2016_dist_diff,2.631444077061881e-07,0.0
pct_hra_assistance_2016_val,0.16622009643068902,4898.567149547523,4906.7811953230075,90.31206291032704,1.250862181241357e-19,0.16808121228687056,112.93761429854084,const,2.5998219703827628e-39,
pct_hra_assistance_2016_val,0.16622009643068902,4898.567149547523,4906.7811953230075,90.31206291032704,1.250862181241357e-19,0.16808121228687056,-135.5014828602378,pct_hra_assistance_2016_val,1.2508621812416165e-19,0.0
pct_hra_assistance_2017_city_diff,0.17322870446335326,4894.776981927832,4902.991027703317,94.86690130456077,1.8587373867493785e-20,0.17507417610517617,48.867833959649026,const,6.3768556091369406e-55,
pct_hra_assistance_2017_city_diff,0.17322870446335326,4894.776981927832,4902.991027703317,94.86690130456077,1.8587373867493785e-20,0.17507417610517617,-137.38975824744816,pct_hra_assistance_2017_city_diff,1.858737386749701e-20,0.0
pct_hra_assistance_2017_dist_diff,0.06542790143642718,4949.806721086251,4958.020766861736,32.36376518041913,2.3144101311840623e-08,0.06751399987072093,45.53878978381903,const,7.461922849993092e-46,
pct_hra_assistance_2017_dist_diff,0.06542790143642718,4949.806721086251,4958.020766861736,32.36376518041913,2.3144101311840623e-08,0.06751399987072093,-130.71565402858351,pct_hra_assistance_2017_dist_diff,2.3144101311844458e-08,0.0
pct_hra_assistance_2017_val,0.1829461490262504,4889.468408271793,4897.682454047278,101.31147232961689,1.2887903592446031e-21,0.18476992994360253,113.39840548087197,const,1.549260748458829e-42,
pct_hra_assistance_2017_val,0.1829461490262504,4889.468408271793,4897.682454047278,101.31147232961689,1.2887903592446031e-21,0.18476992994360253,-141.88127658833676,pct_hra_assistance_2017_val,1.288790359244778e-21,0.0
pct_math_level_3_or_4_2016,0.2295198092768732,4863.116121899965,4871.33016767545,134.45557198496428,2.3208084032070016e-27,0.23123963113116597,2.6290822798450413,const,0.5457633323572157,
pct_math_level_3_or_4_2016,0.2295198092768732,4863.116121899965,4871.33016767545,134.45557198496428,2.3208084032070016e-27,0.23123963113116597,127.14355652483344,pct_math_level_3_or_4_2016,2.3208084032076875e-27,0.0
pct_math_level_3_or_4_2016_city_diff,0.25212111829794415,4849.748088549365,4857.96213432485,152.02747752473212,2.8568720948740567e-30,0.25379049080174343,45.55264496039641,const,6.94284186892631e-55,
pct_math_level_3_or_4_2016_city_diff,0.25212111829794415,4849.748088549365,4857.96213432485,152.02747752473212,2.8568720948740567e-30,0.25379049080174343,135.42705217399396,pct_math_level_3_or_4_2016_city_diff,2.856872094874409e-30,0.0
pct_math_level_3_or_4_2016_comp_diff,0.008996779737491023,4976.131145629889,4984.345191405374,5.067148562169457,0.02486855859039782,0.011208840497005546,43.714377997367905,const,1.3663633845710388e-41,
pct_math_level_3_or_4_2016_comp_diff,0.008996779737491023,4976.131145629889,4984.345191405374,5.067148562169457,0.02486855859039782,0.011208840497005546,80.0811045928041,pct_math_level_3_or_4_2016_comp_diff,0.02486855859040118,0.0
pct_math_level_3_or_4_2017,0.22370487047520538,4856.5279650671455,4864.737551531975,129.81193414626838,1.4332725023238e-26,0.2254415486173189,2.7761742917137626,const,0.5284842756144896,
pct_math_level_3_or_4_2017,0.22370487047520538,4856.5279650671455,4864.737551531975,129.81193414626838,1.4332725023238e-26,0.2254415486173189,124.64848490476251,pct_math_level_3_or_4_2017,1.4332725023236328e-26,1.0
pct_math_level_3_or_4_2017_city_diff,0.25382358095402247,4838.800286749762,4847.009873214592,153.05404216808543,1.9829605457617825e-30,0.25549287943063537,45.8117417216249,const,3.309522261288078e-55,
pct_math_level_3_or_4_2017_city_diff,0.25382358095402247,4838.800286749762,4847.009873214592,153.05404216808543,1.9829605457617825e-30,0.25549287943063537,135.87059534111003,pct_math_level_3_or_4_2017_city_diff,1.9829605457615124e-30,1.0
pct_math_level_3_or_4_2017_comp_diff,0.011306554843056649,4964.877459328218,4973.087045793048,6.111827169081725,0.013800118421295462,0.013518397002244331,44.508978365180226,const,4.799924880983369e-42,
pct_math_level_3_or_4_2017_comp_diff,0.011306554843056649,4964.877459328218,4973.087045793048,6.111827169081725,0.013800118421295462,0.013518397002244331,103.4017638218166,pct_math_level_3_or_4_2017_comp_diff,0.01380011842129374,1.0
pct_poverty_2016_city_diff,0.13855947191166906,4913.220963940969,4921.435009716454,73.05911655234159,2.0088744698806794e-16,0.14048233023329482,47.46187030281472,const,1.7284334164842726e-51,
pct_poverty_2016_city_diff,0.13855947191166906,4913.220963940969,4921.435009716454,73.05911655234159,2.0088744698806794e-16,0.14048233023329482,-200.25951646279336,pct_poverty_2016_city_diff,2.0088744698810526e-16,0.0
pct_poverty_2016_dist_diff,0.04736075659137817,4958.403952035323,4966.6179978108075,23.27245948531265,1.9318847417197206e-06,0.04948718347398673,44.76867446144001,const,2.9014265616365627e-44,
pct_poverty_2016_dist_diff,0.04736075659137817,4958.403952035323,4966.6179978108075,23.27245948531265,1.9318847417197206e-06,0.04948718347398673,-230.1412231877308,pct_poverty_2016_dist_diff,1.931884741720063e-06,0.0
pct_poverty_2016_val,0.1441273179379896,4910.309472186564,4918.523517962049,76.44234065358472,4.627760692434227e-17,0.14603774803187808,103.96423023826534,const,4.314584005203573e-37,
pct_poverty_2016_val,0.1441273179379896,4910.309472186564,4918.523517962049,76.44234065358472,4.627760692434227e-17,0.14603774803187808,-204.78381489914466,pct_poverty_2016_val,4.6277606924354105e-17,0.0
pct_poverty_2017_city_diff,0.1293271357860799,4918.007438308747,4926.221484084232,67.54457628523105,2.248887304025918e-15,0.13127060200084317,48.404211700417804,const,6.98800832062431e-52,
pct_poverty_2017_city_diff,0.1293271357860799,4918.007438308747,4926.221484084232,67.54457628523105,2.248887304025918e-15,0.13127060200084317,-187.38522586561584,pct_poverty_2017_city_diff,2.248887304026417e-15,0.0
pct_poverty_2017_dist_diff,0.04257694005265655,4960.653028532186,4968.867074307671,20.92271749193008,6.201295825862515e-06,0.04471404509718191,45.070380924445715,const,2.4876831062207936e-44,
pct_poverty_2017_dist_diff,0.04257694005265655,4960.653028532186,4968.867074307671,20.92271749193008,6.201295825862515e-06,0.04471404509718191,-211.53981555509745,pct_poverty_2017_dist_diff,6.2012958258637405e-06,0.0
pct_poverty_2017_val,0.1403005345266921,4912.312569058838,4920.526614834323,74.11233982605005,1.2705337586443356e-16,0.14221950654783788,101.67777144045128,const,6.191250909702591e-37,
pct_poverty_2017_val,0.1403005345266921,4912.312569058838,4920.526614834323,74.11233982605005,1.2705337586443356e-16,0.14221950654783788,-196.46916207072954,pct_poverty_2017_val,1.2705337586445407e-16,0.0
pct_students_w_disabilities_2016_city_diff,0.1892733979521385,4835.073102965684,4843.264752090548,104.4234168226385,3.790078843307908e-22,0.19110348057527138,51.097562704585904,const,2.131164784406198e-57,
pct_students_w_disabilities_2016_city_diff,0.1892733979521385,4835.073102965684,4843.264752090548,104.4234168226385,3.790078843307908e-22,0.19110348057527138,-365.9439471966986,pct_students_w_disabilities_2016_city_diff,3.7900788433075086e-22,5.0
pct_students_w_disabilities_2016_dist_diff,0.0805844452722988,4890.9315514664795,4899.123200591344,39.82782825683337,6.749959061070733e-10,0.08265987541841102,46.68155219670999,const,4.047909248744381e-47,
pct_students_w_disabilities_2016_dist_diff,0.0805844452722988,4890.9315514664795,4899.123200591344,39.82782825683337,6.749959061070733e-10,0.08265987541841102,-279.599051722941,pct_students_w_disabilities_2016_dist_diff,6.749959061070093e-10,5.0
pct_students_w_disabilities_2016_val,0.1650073860836293,4848.167548332938,4856.359197457803,88.54361513713823,2.7413980457605246e-19,0.16689224525725543,116.63094676128046,const,4.6005566153340205e-38,
pct_students_w_disabilities_2016_val,0.1650073860836293,4848.167548332938,4856.359197457803,88.54361513713823,2.7413980457605246e-19,0.16689224525725543,-335.411103922978,pct_students_w_disabilities_2016_val,2.7413980457602935e-19,5.0
pct_students_w_disabilities_2017_city_diff,0.1883452708990082,4845.777868202187,4853.9740167665195,104.03063270731506,4.4025324576329425e-22,0.19017332209067705,51.6725994818095,const,6.225117859507085e-58,
pct_students_w_disabilities_2017_city_diff,0.1883452708990082,4845.777868202187,4853.9740167665195,104.03063270731506,4.4025324576329425e-22,0.19017332209067705,-360.9508477922626,pct_students_w_disabilities_2017_city_diff,4.402532457633133e-22,4.0
pct_students_w_disabilities_2017_dist_diff,0.07609712607644181,4903.419569063582,4911.615717627914,37.56999553909347,1.951844019263786e-09,0.07817798840509849,46.88486096195467,const,3.7095911903955587e-47,
pct_students_w_disabilities_2017_dist_diff,0.07609712607644181,4903.419569063582,4911.615717627914,37.56999553909347,1.951844019263786e-09,0.07817798840509849,-272.59572451861163,pct_students_w_disabilities_2017_dist_diff,1.951844019263845e-09,4.0
pct_students_w_disabilities_2017_val,0.1631025701758736,4859.40665122365,4867.602799787983,87.5309637446328,4.168292023425618e-19,0.16498747429709903,116.72185727830463,const,1.0759949173520506e-37,
pct_students_w_disabilities_2017_val,0.1631025701758736,4859.40665122365,4867.602799787983,87.5309637446328,4.168292023425618e-19,0.16498747429709903,-329.7517647717369,pct_students_w_disabilities_2017_val,4.1682920234257496e-19,4.0
pct_temp_housing_2016_city_diff,0.16581107765247982,4806.80929985914,4814.982849312964,88.25968559327642,3.1909054110249826e-19,0.16771128020908022,49.57537330755256,const,1.9474972509904548e-53,
pct_temp_housing_2016_city_diff,0.16581107765247982,4806.80929985914,4814.982849312964,88.25968559327642,3.1909054110249826e-19,0.16771128020908022,-292.2975300661353,pct_temp_housing_2016_city_diff,3.1909054110250615e-19,9.0
pct_temp_housing_2016_dist_diff,0.03571197508528101,4870.578556493301,4878.7521059471255,17.2581683660594,3.924436516855695e-05,0.03790853095069047,44.4564788235389,const,4.580224620168285e-42,
pct_temp_housing_2016_dist_diff,0.03571197508528101,4870.578556493301,4878.7521059471255,17.2581683660594,3.924436516855695e-05,0.03790853095069047,-174.84006481649635,pct_temp_housing_2016_dist_diff,3.9244365168559005e-05,9.0
pct_temp_housing_2016_val,0.17194059124709404,4803.56429951185,4811.737848965674,92.15519823771272,6.235815160642563e-20,0.17382683135814858,81.88162348200461,const,1.2932044716183557e-49,
pct_temp_housing_2016_val,0.17194059124709404,4803.56429951185,4811.737848965674,92.15519823771272,6.235815160642563e-20,0.17382683135814858,-298.10608607117626,pct_temp_housing_2016_val,6.235815160642564e-20,9.0
pct_temp_housing_2017_city_diff,0.1742767750276003,4820.105740937094,4828.28836070125,94.07726301357295,2.749384329520543e-20,0.1761491632928438,50.454147401052616,const,4.4225547084246695e-55,
pct_temp_housing_2017_city_diff,0.1742767750276003,4820.105740937094,4828.28836070125,94.07726301357295,2.749384329520543e-20,0.1761491632928438,-275.19352615006915,pct_temp_housing_2017_city_diff,2.7493843295211006e-20,7.0
pct_temp_housing_2017_dist_diff,0.04537483642303086,4884.221874592387,4892.404494356543,21.961424050020053,3.7147255140000493e-06,0.047539519333636204,45.03123619539321,const,2.603311499133116e-43,
pct_temp_housing_2017_dist_diff,0.04537483642303086,4884.221874592387,4892.404494356543,21.961424050020053,3.7147255140000493e-06,0.047539519333636204,-181.08287086800212,pct_temp_housing_2017_dist_diff,3.714725514000783e-06,7.0
pct_temp_housing_2017_val,0.1741795032962311,4820.1578062923745,4828.34042605653,94.01435512951628,2.8223241470045904e-20,0.176052112132294,81.84343004034464,const,4.973175737024166e-50,
pct_temp_housing_2017_val,0.1741795032962311,4820.1578062923745,4828.34042605653,94.01435512951628,2.8223241470045904e-20,0.176052112132294,-275.09074450487753,pct_temp_housing_2017_val,2.822324147004945e-20,7.0
sa_attendance_90plus_2016,0.13534548172821015,4814.212743600156,4822.381742426306,69.56070227383232,9.76762642620884e-16,0.13731957880189016,-119.66919784288221,const,3.1859019619927294e-09,
sa_attendance_90plus_2016,0.13534548172821015,4814.212743600156,4822.381742426306,69.56070227383232,9.76762642620884e-16,0.13731957880189016,202.52948224499303,sa_attendance_90plus_2016,9.767626426207395e-16,10.0
sa_attendance_90plus_2016_city_diff,0.13030763193428274,4816.763124146545,4824.932122972696,66.62635810425225,3.53928736297408e-15,0.1322932309481315,47.55222085897925,const,1.5285773721771129e-49,
sa_attendance_90plus_2016_city_diff,0.13030763193428274,4816.763124146545,4824.932122972696,66.62635810425225,3.53928736297408e-15,0.1322932309481315,198.2544858792694,sa_attendance_90plus_2016_city_diff,3.5392873629735718e-15,10.0
sa_attendance_90plus_2016_dist_diff,0.032991660794546185,4863.32678738255,4871.4957862087,15.943353477059421,7.655386866106579e-05,0.03519944239090578,44.72999859085754,const,3.213403105860928e-42,
sa_attendance_90plus_2016_dist_diff,0.032991660794546185,4863.32678738255,4871.4957862087,15.943353477059421,7.655386866106579e-05,0.03519944239090578,120.71576272071097,sa_attendance_90plus_2016_dist_diff,7.655386866105565e-05,10.0
sa_attendance_90plus_2017,0.1447827395679394,4860.055592427756,4868.247241552621,75.9970289376455,5.784013216505719e-17,0.14671325257117207,-117.97816602823454,const,7.077987068408028e-10,
sa_attendance_90plus_2017,0.1447827395679394,4860.055592427756,4868.247241552621,75.9970289376455,5.784013216505719e-17,0.14671325257117207,204.25779105396006,sa_attendance_90plus_2017,5.784013216505025e-17,5.0
sa_attendance_90plus_2017_city_diff,0.14282036500200967,4861.073224135703,4869.264873260568,74.81115825977207,9.66145341782092e-17,0.14475530774466883,47.74420612563085,const,4.1791872688964174e-51,
sa_attendance_90plus_2017_city_diff,0.14282036500200967,4861.073224135703,4869.264873260568,74.81115825977207,9.66145341782092e-17,0.14475530774466883,202.38337085867138,sa_attendance_90plus_2017_city_diff,9.661453417820355e-17,5.0
sa_attendance_90plus_2017_dist_diff,-0.001578261093889921,4930.1972709839865,4938.388920108851,0.3019320688633528,0.5829512240394722,0.0006826379153512807,43.713284770781094,const,9.364879003693768e-40,
sa_attendance_90plus_2017_dist_diff,-0.001578261093889921,4930.1972709839865,4938.388920108851,0.3019320688633528,0.5829512240394722,0.0006826379153512807,-24.719490997158196,sa_attendance_90plus_2017_dist_diff,0.5829512240395034,5.0
white_2016_num_students,0.28951898739622195,3238.174711449702,3245.535056667736,119.98916764837308,1.3108443761076877e-23,0.29195214154897464,32.755902648279694,const,1.4208759860820665e-13,
white_2016_num_students,0.28951898739622195,3238.174711449702,3245.535056667736,119.98916764837308,1.3108443761076877e-23,0.29195214154897464,0.19446547563238462,white_2016_num_students,1.3108443761076804e-23,156.0
white_2017_num_students,0.2940273122613235,3317.4338621876973,3324.848082717195,125.94561788351827,1.2631699180382945e-24,0.29638055455378576,32.137518426918724,const,8.684276584101141e-14,
white_2017_num_students,0.2940273122613235,3317.4338621876973,3324.848082717195,125.94561788351827,1.2631699180382945e-24,0.29638055455378576,0.1961910504476108,white_2017_num_students,1.263169918038247e-24,148.0
Community School?_Yes,0.024448260930159393,4969.075296218339,4977.289341993824,12.227309078608814,0.0005180326622748434,0.026625831776297515,46.65270935960594,const,3.500942790118157e-43,
Community School?_Yes,0.024448260930159393,4969.075296218339,4977.289341993824,12.227309078608814,0.0005180326622748434,0.026625831776297515,-34.25736052239671,Community School?_Yes,0.0005180326622749446,0.0
Community School?_nan,0.0,4979.192333324782,4983.299356212525,,,0.0,43.371937639198144,const,6.845613503026031e-41,
Rigorous Instruction Rating_Approaching Target,0.03577677327985984,4963.830811714428,4972.044857489913,17.62270103562778,3.2513315388292934e-05,0.037929057268074495,50.679878048780466,const,5.5872956053658207e-42,
Rigorous Instruction Rating_Approaching Target,0.03577677327985984,4963.830811714428,4972.044857489913,17.62270103562778,3.2513315388292934e-05,0.037929057268074495,-27.117894577706075,Rigorous Instruction Rating_Approaching Target,3.2513315388299704e-05,0.0
Rigorous Instruction Rating_Exceeding Target,0.05941468091545876,4952.6864209380565,4960.900466713541,29.299162776676347,1.0138396708369849e-07,0.06151420171698674,34.801169590643276,const,4.727206807495598e-24,
Rigorous Instruction Rating_Exceeding Target,0.05941468091545876,4952.6864209380565,4960.900466713541,29.299162776676347,1.0138396708369849e-07,0.06151420171698674,35.965185549543655,Rigorous Instruction Rating_Exceeding Target,1.0138396708371734e-07,0.0
Rigorous Instruction Rating_Not Meeting Target,-0.0005355468130667784,4980.429377105061,4988.643422880546,0.7602034500242659,0.38373292463574915,0.001697791461069631,43.580717488789205,const,5.951403718157156e-41,
Rigorous Instruction Rating_Not Meeting Target,-0.0005355468130667784,4980.429377105061,4988.643422880546,0.7602034500242659,0.38373292463574915,0.001697791461069631,-31.247384155456,Rigorous Instruction Rating_Not Meeting Target,0.38373292463566677,0.0
Rigorous Instruction Rating_nan,-0.0022335565633464505,4981.190729533822,4989.404775309307,0.001596649976146432,0.968144369029267,3.5719111254328695e-06,43.350230414746505,const,1.0856059006940428e-39,
Rigorous Instruction Rating_nan,-0.0022335565633464505,4981.190729533822,4989.404775309307,0.001596649976146432,0.968144369029267,3.5719111254328695e-06,0.6497695852534228,Rigorous Instruction Rating_nan,0.9681443690299227,0.0
Collaborative Teachers Rating_Approaching Target,0.0009848047671593418,4979.746585739263,4987.960631514748,1.4416274525079005,0.23051203933990144,0.003214749399375494,44.92799999999996,const,1.6880679071253558e-37,
Collaborative Teachers Rating_Approaching Target,0.0009848047671593418,4979.746585739263,4987.960631514748,1.4416274525079005,0.23051203933990144,0.003214749399375494,-9.441513513513476,Collaborative Teachers Rating_Approaching Target,0.2305120393399427,0.0
Collaborative Teachers Rating_Exceeding Target,0.06143424202936021,4951.721322069389,4959.935367844874,30.324040639051688,6.176842395192317e-08,0.06352925488197325,31.785467128027676,const,5.6667701258006675e-18,
Collaborative Teachers Rating_Exceeding Target,0.06143424202936021,4951.721322069389,4959.935367844874,30.324040639051688,6.176842395192317e-08,0.06352925488197325,32.51453287197232,Collaborative Teachers Rating_Exceeding Target,6.176842395193827e-08,0.0
Collaborative Teachers Rating_Not Meeting Target,0.0016747296358161634,4979.43639698208,4987.650442757565,1.7515374989676242,0.18636005844527553,0.0039031342571648198,43.781531531531535,const,3.5558908880771935e-41,
Collaborative Teachers Rating_Not Meeting Target,0.0016747296358161634,4979.43639698208,4987.650442757565,1.7515374989676242,0.18636005844527553,0.0039031342571648198,-36.781531531531606,Collaborative Teachers Rating_Not Meeting Target,0.1863600584453131,0.0
Collaborative Teachers Rating_nan,-0.0022335565633464505,4981.190729533822,4989.404775309307,0.001596649976146432,0.968144369029267,3.5719111254328695e-06,43.350230414746505,const,1.0856059006940428e-39,
Collaborative Teachers Rating_nan,-0.0022335565633464505,4981.190729533822,4989.404775309307,0.001596649976146432,0.968144369029267,3.5719111254328695e-06,0.6497695852534228,Collaborative Teachers Rating_nan,0.9681443690299227,0.0
Supportive Environment Rating_Approaching Target,0.015342381922235249,4973.246859903009,4981.460905678494,7.980484358186896,0.004940060385742688,0.017540278391158903,47.892441860465084,const,3.296070712770328e-39,
Supportive Environment Rating_Approaching Target,0.015342381922235249,4973.246859903009,4981.460905678494,7.980484358186896,0.004940060385742688,0.017540278391158903,-19.33053709856031,Supportive Environment Rating_Approaching Target,0.004940060385743584,0.0
Supportive Environment Rating_Exceeding Target,0.00952177743779492,4975.893218624511,4984.107264399996,5.306764343689769,0.021700765329410968,0.011732666327442742,40.16164383561645,const,8.140415425689503e-31,
Supportive Environment Rating_Exceeding Target,0.00952177743779492,4975.893218624511,4984.107264399996,5.306764343689769,0.021700765329410968,0.011732666327442742,17.159784735812156,Supportive Environment Rating_Exceeding Target,0.021700765329416023,0.0
Supportive Environment Rating_nan,-0.0021874740306455642,4981.1700841136535,4989.384129889138,0.02215065432033547,0.8817541402919784,4.9551581029927405e-05,43.28306264501158,const,2.2325105543585977e-39,
Supportive Environment Rating_nan,-0.0021874740306455642,4981.1700841136535,4989.384129889138,0.02215065432033547,0.8817541402919784,4.9551581029927405e-05,2.2169373549883944,Supportive Environment Rating_nan,0.8817541402916618,0.0
Effective School Leadership Rating_Approaching Target,-0.0021390241736485294,4981.148377085567,4989.3624228610515,0.043762585151601384,0.8343912471589026,9.789329102483091e-05,43.69914040114615,const,9.164196308346893e-34,
Effective School Leadership Rating_Approaching Target,-0.0021390241736485294,4981.148377085567,4989.3624228610515,0.043762585151601384,0.8343912471589026,9.789329102483091e-05,-1.469140401146138,Effective School Leadership Rating_Approaching Target,0.8343912471590021,0.0
Effective School Leadership Rating_Exceeding Target,-0.002005495623653708,4981.088546750534,4989.302592526019,0.10333621589801073,0.7480124496643752,0.00023112378622047736,43.884393063583836,const,9.186871756996224e-34,
Effective School Leadership Rating_Exceeding Target,-0.002005495623653708,4981.088546750534,4989.302592526019,0.10333621589801073,0.7480124496643752,0.00023112378622047736,-2.233907626690601,Effective School Leadership Rating_Exceeding Target,0.7480124496643585,0.0
Effective School Leadership Rating_Not Meeting Target,-0.0014553994172914475,4980.841980218115,4989.0560259936,0.34892862994602786,0.5550187699431188,0.0007799920992650478,43.881355932203405,const,6.289755520797271e-39,
Effective School Leadership Rating_Not Meeting Target,-0.0014553994172914475,4980.841980218115,4989.0560259936,0.34892862994602786,0.5550187699431188,0.0007799920992650478,-6.353578154425607,Effective School Leadership Rating_Not Meeting Target,0.555018769943016,0.0
Effective School Leadership Rating_nan,0.00016764620500964167,4980.113701495563,4988.327747271048,1.0751180931075748,0.3003528224446631,0.0023994148518734493,43.89449541284404,const,1.0476032880941264e-40,
Effective School Leadership Rating_nan,0.00016764620500964167,4980.113701495563,4988.327747271048,1.0751180931075748,0.3003528224446631,0.0023994148518734493,-18.048341566690194,Effective School Leadership Rating_nan,0.30035282244472133,0.0
Strong Family-Community Ties Rating_Approaching Target,0.05354508625709109,4955.479638014393,4963.6936837898775,26.345315761858764,4.266914085699291e-07,0.05565770883241017,31.77818181818181,const,4.1334231055531076e-17,
Strong Family-Community Ties Rating_Approaching Target,0.05354508625709109,4955.479638014393,4963.6936837898775,26.345315761858764,4.266914085699291e-07,0.05565770883241017,29.917220480668774,Strong Family-Community Ties Rating_Approaching Target,4.266914085700256e-07,0.0
Strong Family-Community Ties Rating_Exceeding Target,0.0066190014806596364,4977.207170059205,4985.42121583469,3.9850708517229694,0.046511297157163886,0.008836369780926057,45.630769230769275,const,7.825212479373304e-40,
Strong Family-Community Ties Rating_Exceeding Target,0.0066190014806596364,4977.207170059205,4985.42121583469,3.9850708517229694,0.046511297157163886,0.008836369780926057,-17.19009126466751,Strong Family-Community Ties Rating_Exceeding Target,0.04651129715717325,0.0
Strong Family-Community Ties Rating_Not Meeting Target,0.012398845612874854,4974.587098620832,4982.801144396317,6.624419139136213,0.010380112717411698,0.014603312475346186,41.44655581947743,const,1.726917768444343e-36,
Strong Family-Community Ties Rating_Not Meeting Target,0.012398845612874854,4974.587098620832,4982.801144396317,6.624419139136213,0.010380112717411698,0.014603312475346186,30.87487275195115,Strong Family-Community Ties Rating_Not Meeting Target,0.010380112717413405,0.0
Strong Family-Community Ties Rating_nan,0.0021707842614361317,4979.213239372748,4987.427285148233,1.9746270541934183,0.1606521743229186,0.004398081617995486,44.13364055299536,const,5.670939197134061e-41,
Strong Family-Community Ties Rating_nan,0.0021707842614361317,4979.213239372748,4987.427285148233,1.9746270541934183,0.1606521743229186,0.004398081617995486,-22.800307219662013,Strong Family-Community Ties Rating_nan,0.16065217432295317,0.0
Trust Rating_Approaching Target,0.00024278129055610442,4980.079958917696,4988.294004693181,1.1087924309359738,0.2929134632104496,0.0024743822251754866,44.86776859504134,const,1.9538057428423257e-36,
Trust Rating_Approaching Target,0.00024278129055610442,4980.079958917696,4988.294004693181,1.1087924309359738,0.2929134632104496,0.0024743822251754866,-7.809629060157599,Trust Rating_Approaching Target,0.2929134632105161,0.0
Trust Rating_Exceeding Target,-0.0006746524849552404,4980.49179778111,4988.705843556595,0.6979594591415015,0.40391651277219043,0.0015589962929130063,44.593314763231184,const,9.86232368243252e-36,
Trust Rating_Exceeding Target,-0.0006746524849552404,4980.49179778111,4988.705843556595,0.6979594591415015,0.40391651277219043,0.0015589962929130063,-6.093314763231169,Trust Rating_Exceeding Target,0.4039165127720551,0.0
Trust Rating_Not Meeting Target,-3.3276988227859405e-05,4980.203922071065,4988.41796784655,0.9850924053537943,0.321481756263417,0.0021989401479066695,43.8310502283105,const,9.38727010546998e-41,
Trust Rating_Not Meeting Target,-3.3276988227859405e-05,4980.203922071065,4988.41796784655,0.9850924053537943,0.321481756263417,0.0021989401479066695,-18.74014113740143,Trust Rating_Not Meeting Target,0.3214817562632824,0.0
Trust Rating_nan,0.0021707842614361317,4979.213239372748,4987.427285148233,1.9746270541934183,0.1606521743229186,0.004398081617995486,44.13364055299536,const,5.670939197134061e-41,
Trust Rating_nan,0.0021707842614361317,4979.213239372748,4987.427285148233,1.9746270541934183,0.1606521743229186,0.004398081617995486,-22.800307219662013,Trust Rating_nan,0.16065217432295317,0.0
Student Achievement Rating_Approaching Target,0.04309717605989605,4960.40898860673,4968.623034382215,21.177111397094144,5.4629059126588825e-06,0.04523311986333378,50.67638483965016,const,9.923732777200149e-44,
Student Achievement Rating_Approaching Target,0.04309717605989605,4960.40898860673,4968.623034382215,21.177111397094144,5.4629059126588825e-06,0.04523311986333378,-30.94053578304637,Student Achievement Rating_Approaching Target,5.462905912659965e-06,0.0
Student Achievement Rating_Exceeding Target,0.0791047721064404,4943.187336238218,4951.401382013703,39.48313774493947,7.863490051824763e-10,0.08116034181155996,34.25423728813559,const,1.5477724386455983e-24,
Student Achievement Rating_Exceeding Target,0.0791047721064404,4943.187336238218,4951.401382013703,39.48313774493947,7.863490051824763e-10,0.08116034181155996,43.093131132916966,Student Achievement Rating_Exceeding Target,7.863490051826518e-10,0.0
Student Achievement Rating_Not Meeting Target,-0.0004988027509817972,4980.412887549166,4988.626933324651,0.7766477762637997,0.3786419403375263,0.0017344535051587728,43.582959641255584,const,5.889946218507544e-41,
Student Achievement Rating_Not Meeting Target,-0.0004988027509817972,4980.412887549166,4988.626933324651,0.7766477762637997,0.3786419403375263,0.0017344535051587728,-31.582959641255542,Student Achievement Rating_Not Meeting Target,0.37864194033741794,0.0
Student Achievement Rating_nan,0.00012486401789113533,4980.132913507437,4988.3469592829215,1.055946065665831,0.30469734553862526,0.002356728160708421,43.824601366742606,const,8.008241593734697e-41,
Student Achievement Rating_nan,0.00012486401789113533,4980.132913507437,4988.3469592829215,1.055946065665831,0.30469734553862526,0.002356728160708421,-20.32460136674259,Student Achievement Rating_nan,0.30469734553869493,0.0
dist_to_bronx_hs_of_science,0.04531203988618093,4959.368520833696,4967.5825666091805,22.263276292485,3.183908520069833e-06,0.047443039797149256,20.965976868141286,const,0.0001746755595255695,
dist_to_bronx_hs_of_science,0.04531203988618093,4959.368520833696,4967.5825666091805,22.263276292485,3.183908520069833e-06,0.047443039797149256,2.1636124183105556,dist_to_bronx_hs_of_science,3.1839085200704546e-06,0.0
dist_to_brooklyn_latin_school,-0.0021967939220486343,4981.174259591687,4989.388305367172,0.017993588638088046,0.893352098925122,4.025249295591671e-05,44.134966814208035,const,1.7695833617918108e-11,
dist_to_brooklyn_latin_school,-0.0021967939220486343,4981.174259591687,4989.388305367172,0.017993588638088046,0.893352098925122,4.025249295591671e-05,-0.11118843453518513,dist_to_brooklyn_latin_school,0.8933520989251488,0.0
dist_to_brooklyn_tech_hs,0.0009786718982875975,4979.749342103414,4987.963387878899,1.4388745245969652,0.230956978624406,0.0032086302199432204,50.114910619172974,const,1.9974284172210495e-14,
dist_to_brooklyn_tech_hs,0.0009786718982875975,4979.749342103414,4987.963387878899,1.4388745245969652,0.230956978624406,0.0032086302199432204,-0.8801980857034136,dist_to_brooklyn_tech_hs,0.2309569786244367,0.0
dist_to_hs_for_math_sci_eng,0.049039302873422064,4957.612118142159,4965.8261639176435,24.102540150898385,1.282659244933249e-06,0.05116198300093677,21.63390280596212,const,4.708848691221076e-05,
dist_to_hs_for_math_sci_eng,0.049039302873422064,4957.612118142159,4965.8261639176435,24.102540150898385,1.282659244933249e-06,0.05116198300093677,2.769026559538231,dist_to_hs_for_math_sci_eng,1.2826592449335023e-06,0.0
dist_to_hs_of_amer_studies,0.04596285642660802,4959.06233044786,4967.276376223345,22.583394124461904,2.7167210008138218e-06,0.048092403622084334,21.22496522849978,const,0.00011778956472024094,
dist_to_hs_of_amer_studies,0.04596285642660802,4959.06233044786,4967.276376223345,22.583394124461904,2.7167210008138218e-06,0.048092403622084334,2.1874550802363633,dist_to_hs_of_amer_studies,2.7167210008143876e-06,0.0
dist_to_queens_hs_for_sci,-0.0022151757609396583,4981.182494870449,4989.396540645934,0.00979473779424144,0.9212077519632096,2.191168495535578e-05,44.100276197929865,const,4.4178262751327136e-08,
dist_to_queens_hs_for_sci,-0.0022151757609396583,4981.182494870449,4989.396540645934,0.00979473779424144,0.9212077519632096,2.191168495535578e-05,-0.07822503680053661,dist_to_queens_hs_for_sci,0.9212077519629827,0.0
dist_to_staten_island_tech,0.03473953080621395,4964.3135542392965,4972.5276000147815,17.12343020136608,4.186581023857765e-05,0.036894130067807285,79.10427345422202,const,6.709165158898487e-17,
dist_to_staten_island_tech,0.03473953080621395,4964.3135542392965,4972.5276000147815,17.12343020136608,4.186581023857765e-05,0.036894130067807285,-2.156588100357697,dist_to_staten_island_tech,4.1865810238584694e-05,0.0
dist_to_stuyvesant_hs,-0.0021915337568882975,4981.171902948391,4989.385948723876,0.020339835235412187,0.8866563048651946,4.5500916676211034e-05,44.35351660165443,const,6.005647805198265e-09,
dist_to_stuyvesant_hs,-0.0021915337568882975,4981.171902948391,4989.385948723876,0.020339835235412187,0.8866563048651946,4.5500916676211034e-05,-0.1189573156614439,dist_to_stuyvesant_hs,0.886656304865131,0.0
min_dist_to_specialized_school,0.05786855180740291,4953.4238787837,4961.637924559185,28.517509642048118,1.4810151980223222e-07,0.05997152378997572,18.787926861895098,const,0.0005593194684981758,
min_dist_to_specialized_school,0.05786855180740291,4953.4238787837,4961.637924559185,28.517509642048118,1.4810151980223222e-07,0.05997152378997572,9.122212783174625,min_dist_to_specialized_school,1.481015198022569e-07,0.0
