dbn,school_name,grade_8_2017_enrollment,perc_testtakers,predicted_perc_testtakers
06M052,J.H.S. 052 INWOOD,148.0,0.08783783783783784,0.18511909329358692
09X323,BRONX WRITING ACADEMY,149.0,0.19463087248322147,0.10226904018619654
01M034,P.S. 034 FRANKLIN D. ROOSEVELT,62.0,0.0967741935483871,0.19832965069546177
30Q145,I.S. 145 JOSEPH PULITZER,693.0,0.1976911976911977,0.28587589905471866
29Q295,P.S./I.S. 295,60.0,0.45,0.350073778693894
24Q311,CORONA ARTS AND SCIENCES ACADEMY,120.0,0.13333333333333333,0.290181498588679
09X327,COMPREHENSIVE MODEL SCHOOL PROJECT M.S. 327,98.0,0.15306122448979592,0.37958404388901684
84M704,HARBOR SCIENCE AND ARTS CHARTER SCHOOL,38.0,0.18421052631578946,0.26286830875338657
29Q147,P.S./M.S. 147 RONALD MCNAIR,69.0,0.13043478260869565,0.10444841018544077
29Q208,P.S./I.S. 208,85.0,0.32941176470588235,0.35231811589446677
30Q580,BACCALAUREATE SCHOOL FOR GLOBAL EDUCATION,105.0,0.8952380952380953,0.9113855601519296
84K791,BROOKLYN DREAMS CHARTER SCHOOL,48.0,0.6041666666666666,0.33044135143625847
32K562,EVERGREEN MIDDLE SCHOOL FOR URBAN EXPLORATION,99.0,0.101010101010101,0.10851473477046264
22K078,J.H.S. 078 ROY H. MANN,211.0,0.16587677725118485,0.1748935756249033
06M348,WASHINGTON HEIGHTS EXPEDITIONARY LEARNING SCHOOL,84.0,0.07142857142857142,0.28647051777346216
21K099,P.S. 099 ISAAC ASIMOV,90.0,0.18888888888888888,0.3311705606582503
03M415,WADLEIGH SECONDARY SCHOOL FOR THE PERFORMING & VISUAL ARTS,12.0,0.0,0.030588876558042433
84M336,KIPP INFINITY CHARTER SCHOOL,88.0,0.17045454545454544,0.47356697562657535
84X703,BRONX PREPARATORY CHARTER SCHOOL,124.0,0.1774193548387097,0.2677886966498805
20K187,THE CHRISTA MCAULIFFE SCHOOL\I.S. 187,343.0,0.7317784256559767,0.8627192181847476
11X498,P.S./M.S. 11X498 - VAN NEST ACADEMY,95.0,0.37894736842105264,0.3497788704064413
05M161,P.S. 161 PEDRO ALBIZU CAMPOS,114.0,0.14035087719298245,0.16296691534307808
11X468,PELHAM ACADEMY OF ACADEMICS AND COMMUNITY ENGAGEMENT,131.0,0.267175572519084,0.278709040838341
06M319,M.S. 319 - MARIA TERESA,195.0,0.13846153846153847,0.20659203246006747
19K171,I.S. 171 ABRAHAM LINCOLN,155.0,0.07096774193548387,0.14512708405653088
31R049,I.S. 49 BERTA A. DREYFUS,259.0,0.16216216216216214,0.12923422359125625
24Q005,I.S. 5 - THE WALTER CROWLEY INTERMEDIATE SCHOOL,601.0,0.4392678868552413,0.44487342630160254
21K239,MARK TWAIN I.S. 239 FOR THE GIFTED & TALENTED,382.0,0.8795811518324608,0.7183272541530197
07X224,P.S./I.S. 224,131.0,0.0,0.06759106612157448
03M862,MOTT HALL II,110.0,0.5818181818181818,0.5457602221720935
07X031,P.S./M.S. 031 THE WILLIAM LLOYD GARRISON,81.0,0.1111111111111111,0.08031066455430252
28Q167,METROPOLITAN EXPEDITIONARY LEARNING SCHOOL,120.0,0.175,0.3536426950253844
03M333,P.S. 333 MANHATTAN SCHOOL FOR CHILDREN,51.0,0.29411764705882354,0.5323196281041691
09X324,BRONX EARLY COLLEGE ACADEMY FOR TEACHING & LEARNING,78.0,0.16666666666666666,0.12007157028602713
84K775,LEADERSHIP PREPARATORY OCEAN HILL CHARTER SCHOOL,76.0,0.5657894736842105,0.5982203077055697
27Q207,P.S. 207 ROCKWOOD PARK,71.0,0.19718309859154928,0.44772610053459505
23K155,P.S./ I.S. 155 NICHOLAS HERKIMER,38.0,0.21052631578947367,0.09658336579173091
17K382,ACADEMY FOR COLLEGE PREPARATION AND CAREER EXPLORATION: A COLLEGE BOARD SCHOOL,53.0,0.2830188679245283,0.17846079615686544
18K763,BROOKLYN SCIENCE AND ENGINEERING ACADEMY,71.0,0.4788732394366197,0.25936197936825034
21K121,P.S. 121 NELSON A. ROCKEFELLER,29.0,0.2413793103448276,0.3895624429986258
17K484,RONALD EDMONDS LEARNING CENTER II,48.0,0.14583333333333334,0.1474707404162921
12X286,FANNIE LOU HAMER MIDDLE SCHOOL,94.0,0.0,0.11169173001811977
04M057,JAMES WELDON JOHNSON,97.0,0.20618556701030927,0.21151682586989123
28Q008,J.H.S. 008 RICHARD S. GROSSLEY,141.0,0.0851063829787234,0.11397611911529082
84K777,OCEAN HILL COLLEGIATE CHARTER SCHOOL,81.0,0.5679012345679012,0.47746712076918074
13K351,THE URBAN ASSEMBLY UNISON SCHOOL,49.0,0.42857142857142855,0.10843820693272119
20K030,P.S./I.S. 30 MARY WHITE OVINGTON,132.0,0.3863636363636364,0.39525112759562986
23K178,P.S. 178 SAINT CLAIR MCKELWAY,28.0,0.0,0.13550545934497887
14K050,J.H.S. 050 JOHN D. WELLS,86.0,0.08139534883720931,0.15128411017252955
07X500,HOSTOS-LINCOLN ACADEMY OF SCIENCE,68.0,0.0,0.19203719773823583
23K323,P.S./I.S. 323,64.0,0.15625,0.1182191344627194
84K757,UNITY PREP CHARTER SCHOOL,103.0,0.14563106796116504,0.2089582054909647
25Q237,I.S. 237,408.0,0.4754901960784314,0.44338562519592156
15K442,M.S. 442 CARROLL GARDENS SCHOOL FOR INNOVATION,68.0,0.36764705882352944,0.30085965464306674
10X141,RIVERDALE / KINGSBRIDGE ACADEMY (MIDDLE SCHOOL / HIGH SCHOOL 141),261.0,0.28735632183908044,0.43709163371417115
30Q122,P.S. 122 MAMIE FAY,81.0,0.9135802469135802,0.6582393216312532
19K292,J.H.S. 292 MARGARET S. DOUGLAS,226.0,0.3584070796460177,0.24612692824283824
02M347,THE 47 AMERICAN SIGN LANGUAGE & ENGLISH LOWER SCHOOL,7.0,0.0,0.21267524702371154
17K353,ELIJAH STROUD MIDDLE SCHOOL,68.0,0.08823529411764706,0.14396225578104835
08X071,P.S. 071 ROSE E. SCALA,194.0,0.4948453608247423,0.3375292107511046
18K285,I.S. 285 MEYER LEVIN,234.0,0.19230769230769232,0.20021675035631142
31R002,I.S. R002 GEORGE L. EGBERT,285.0,0.2631578947368421,0.2995674628203941
84M478,INWOOD ACADEMY FOR LEADERSHIP CHARTER SCHOOL,128.0,0.15625,0.2552184177261714
11X556,BRONX PARK MIDDLE SCHOOL,137.0,0.3795620437956204,0.15785838512692513
31R048,P.S. 048 WILLIAM G. WILCOX,96.0,0.7291666666666666,0.5009325626393137
08X301,M.S. 301 PAUL L. DUNBAR,74.0,0.0,0.05087614492950837
04M050,P.S. 050 VITO MARCANTONIO,24.0,0.2916666666666667,0.029013001955350337
84K538,ACHIEVEMENT FIRST BUSHWICK CHARTER SCHOOL,89.0,0.5955056179775281,0.5583403453551719
31R080,THE MICHAEL J. PETRIDES SCHOOL,91.0,0.24175824175824176,0.4105925921131045
23K644,EAGLE ACADEMY FOR YOUNG MEN II,86.0,0.13953488372093026,0.27182596850631413
12X267,BRONX LATIN,84.0,0.0,0.21139830033439017
84K704,EXPLORE CHARTER SCHOOL,54.0,0.6851851851851852,0.21932544736702977
06M209,HAMILTON GRANGE MIDDLE SCHOOL,75.0,0.24,0.16175266587170167
11X287,NORTH BRONX SCHOOL OF EMPOWERMENT,93.0,0.24731182795698925,0.10277253464218172
03M256,LAFAYETTE ACADEMY,56.0,0.19642857142857145,0.1579538476098961
84K780,BROOKLYN EAST COLLEGIATE CHARTER SCHOOL,86.0,0.627906976744186,0.4181159955767936
28Q217,J.H.S. 217 ROBERT A. VAN WYCK,571.0,0.3064798598949212,0.30974811258384743
28Q287,THE EMERSON SCHOOL,132.0,0.1590909090909091,0.11482241210557409
06M324,M.S. 324 - PATRIA MIRABAL,163.0,0.12269938650306747,0.2384492568302362
17K722,NEW HEIGHTS MIDDLE SCHOOL,114.0,0.11403508771929825,0.11067618174106675
30Q204,I.S. 204 OLIVER W. HOLMES,167.0,0.16766467065868262,0.2444637034266119
09X241,"URBAN ASSEMBLY SCHOOL FOR APPLIED MATH AND SCIENCE, THE",91.0,0.14285714285714285,0.2133497567235455
84M385,SUCCESS ACADEMY CHARTER SCHOOL - HARLEM 3,98.0,0.2959183673469388,0.6522584622676781
29Q109,JEAN NUZZI INTERMEDIATE SCHOOL,327.0,0.3577981651376147,0.24946580431139512
02M104,J.H.S. 104 SIMON BARUCH,403.0,0.6451612903225806,0.5936245903058477
07X223,THE LABORATORY SCHOOL OF FINANCE AND TECHNOLOGY: X223,99.0,0.18181818181818185,0.3683888680346911
19K218,J.H.S. 218 JAMES P. SINNOTT,137.0,0.1678832116788321,0.10868496335494635
27Q105,P.S. 105 THE BAY SCHOOL,89.0,0.07865168539325842,0.047411186315998166
10X390,M.S. 390,150.0,0.16,0.16025724568864586
27Q226,J.H.S. 226 VIRGIL I. GRISSOM,293.0,0.19795221843003413,0.18463291293413833
17K189,P.S. 189 THE BILINGUAL CENTER,139.0,0.3525179856115108,0.40561687753607967
09X004,P.S./M.S. 004 CROTONA PARK WEST,56.0,0.125,0.17736024762754288
84M709,HARLEM VILLAGE ACADEMY CHARTER SCHOOL,66.0,0.12121212121212123,0.2966638862285759
24Q077,I.S. 077,323.0,0.18885448916408668,0.22267446492373574
10X279,"P.S. 279 CAPTAIN MANUEL RIVERA, JR.",125.0,0.304,0.1869511629400677
05M148,EAGLE ACADEMY FOR YOUNG MEN OF HARLEM,60.0,0.16666666666666666,0.09966552247397945
18K366,THE SCIENCE AND MEDICINE MIDDLE SCHOOL,162.0,0.25925925925925924,0.20574648820580999
03M250,M.S. 250 WEST SIDE COLLABORATIVE MIDDLE SCHOOL,61.0,0.0,0.21523567198169077
12X271,EAST BRONX ACADEMY FOR THE FUTURE,101.0,0.13861386138613865,0.14785778452062465
28Q310,QUEENS COLLEGIATE: A COLLEGE BOARD SCHOOL,87.0,0.27586206896551724,0.2643325934929689
84K362,HELLENIC CLASSICAL CHARTER SCHOOL,45.0,1.022222222222222,0.5634078198054893
26Q158,M.S. 158 MARIE CURIE,340.0,0.6941176470588235,0.5680895746913381
84K508,ACHIEVEMENT FIRST ENDEAVOR CHARTER SCHOOL,85.0,0.3764705882352941,0.4861321956455612
84X378,ICAHN CHARTER SCHOOL 2,33.0,0.9393939393939394,0.5606998319561551
07X296,SOUTH BRONX ACADEMY FOR APPLIED MEDIA,108.0,0.05555555555555555,0.0869760351447538
27Q297,HAWTREE CREEK MIDDLE SCHOOL,162.0,0.15432098765432098,0.20182925390445405
10X037,P.S. X037 - MULTIPLE INTELLIGENCE SCHOOL,68.0,0.08823529411764706,0.23759512301405383
84M386,SUCCESS ACADEMY CHARTER SCHOOL - HARLEM 4,79.0,0.2531645569620253,0.6326585808171319
24Q049,P.S. 049 DOROTHY BONAWIT KOLE,133.0,0.3233082706766917,0.48962314845446264
19K364,I.S. 364 GATEWAY,103.0,0.20388349514563106,0.14458129612374132
84M284,HARLEM CHILDREN'S ZONE PROMISE ACADEMY 1 CHARTER SCHOOL,83.0,0.27710843373493976,0.39579570204712433
11X181,I.S. 181 PABLO CASALS,261.0,0.475095785440613,0.3564660189201681
14K084,P.S. 084 JOSE DE DIEGO,69.0,0.2608695652173913,0.2558967624840388
25Q252,"QUEENS SCHOOL OF INQUIRY, THE",78.0,0.2948717948717949,0.3924734029921393
10X118,J.H.S. 118 WILLIAM W. NILES,378.0,0.7142857142857143,0.33974390900214535
27Q114,P.S./M.S. 114 BELLE HARBOR,44.0,0.0,0.48846391358522145
09X232,I.S. 232,185.0,0.22162162162162166,0.13503737850890266
18K068,I.S. 068 ISAAC BILDERSEE,145.0,0.1103448275862069,0.12378628868257413
27Q137,M.S. 137 AMERICA'S SCHOOL OF HEROES,675.0,0.2651851851851852,0.3658474026699079
84X185,BRONX LIGHTHOUSE CHARTER SCHOOL,43.0,0.0,0.24310801537395396
22K240,ANDRIES HUDDE,298.0,0.2483221476510067,0.25688164631683075
27Q210,J.H.S. 210 ELIZABETH BLACKWELL,629.0,0.2686804451510334,0.291376930234587
12X217,SCHOOL OF PERFORMING ARTS,101.0,0.07920792079207921,0.09203260205008357
20K227,J.H.S. 227 EDWARD B. SHALLOW,450.0,0.43777777777777777,0.3627944393139385
10X228,JONAS BRONCK ACADEMY,89.0,0.7191011235955056,0.4190701292301579
19K678,EAST NEW YORK MIDDLE SCHOOL OF EXCELLENCE,85.0,0.18823529411764706,0.09391208254035402
06M528,I.S. 528 BEA FULLER RODGERS SCHOOL,61.0,0.0,0.21682454928639702
27Q262,CHANNEL VIEW SCHOOL FOR RESEARCH,87.0,0.1724137931034483,0.24658067999536937
29Q238,I.S. 238 - SUSAN B. ANTHONY ACADEMY,533.0,0.2307692307692308,0.18319253146465542
84X496,ICAHN CHARTER SCHOOL 4,27.0,1.0740740740740742,0.627097233941197
06M278,PAULA HEDBAVNY SCHOOL,68.0,0.35294117647058826,0.41593258306278574
20K201,J.H.S. 201 THE DYKER HEIGHTS,496.0,0.6814516129032258,0.5861265488609486
17K002,PARKSIDE PREPARATORY ACADEMY,170.0,0.4058823529411765,0.25119334419799955
09X361,THE HIGHBRIDGE GREEN SCHOOL,124.0,0.14516129032258066,0.16701377719533445
27Q053,M.S. 053 BRIAN PICCOLO,129.0,0.12403100775193797,0.005534575738922132
19K404,ACADEMY FOR YOUNG WRITERS,63.0,0.1111111111111111,0.09880985154684571
02M408,PROFESSIONAL PERFORMING ARTS HIGH SCHOOL,30.0,0.3,0.7800471725836475
84M335,HARLEM VILLAGE ACADEMY LEADERSHIP CHARTER SCHOOL,59.0,0.1694915254237288,0.2649129322062228
03M247,M.S. M247 DUAL LANGUAGE MIDDLE SCHOOL,73.0,0.1643835616438356,0.33437050126342316
27Q323,SCHOLARS' ACADEMY,264.0,0.3939393939393939,0.7984561205789378
27Q043,P.S. 043,85.0,0.08235294117647059,0.04895725674316481
05M670,THURGOOD MARSHALL ACADEMY FOR LEARNING AND SOCIAL CHANGE,57.0,0.17543859649122806,0.1961631083810227
02M126,P.S. 126 JACOB AUGUST RIIS,110.0,0.6,0.5723765866920404
84M384,SUCCESS ACADEMY CHARTER SCHOOL - HARLEM 2,70.0,0.5285714285714286,0.6484994808215898
11X529,ONE WORLD MIDDLE SCHOOL AT EDENWALD,111.0,0.3153153153153153,0.22099584408577883
84K803,BROOKLYN LAB?CHARTER SCHOOL,134.0,0.29850746268656714,0.2967890144887608
08X448,SOUNDVIEW ACADEMY FOR CULTURE AND SCHOLARSHIP,123.0,0.15447154471544716,0.20964315919615453
02M260,M.S. 260 CLINTON SCHOOL WRITERS & ARTISTS,94.0,0.3829787234042553,0.7160175192855261
25Q250,I.S. 250 THE ROBERT F. KENNEDY COMMUNITY MIDDLE SCHOOL,134.0,0.3059701492537313,0.20994001111559543
12X242,MOTT HALL V,97.0,0.17525773195876287,0.178131845946776
10X391,THE ANGELO PATRI MIDDLE SCHOOL,181.0,0.09392265193370164,0.11463746768351579
23K668,RIVERDALE AVENUE MIDDLE SCHOOL,33.0,0.18181818181818185,0.11491219192998034
30Q126,ALBERT SHANKER SCHOOL FOR VISUAL AND PERFORMING ARTS,184.0,0.32065217391304346,0.2845254650511116
08X131,J.H.S. 131 ALBERT EINSTEIN,148.0,0.14864864864864866,0.1274899754558803
18K598,MIDDLE SCHOOL OF MARKETING AND LEGAL STUDIES,60.0,0.2833333333333333,0.19724235511272645
08X125,J.H.S. 125 HENRY HUDSON,131.0,0.2977099236641221,0.18591756092172373
08X371,URBAN INSTITUTE OF MATHEMATICS,113.0,0.34513274336283184,0.31674646560711417
21K281,I.S. 281 JOSEPH B CAVALLARO,392.0,0.4362244897959184,0.36733641874671086
23K041,P.S. 041 FRANCIS WHITE,48.0,0.0,0.06301169666927
27Q202,J.H.S. 202 ROBERT H. GODDARD,376.0,0.26063829787234044,0.3153493922321014
01M301,"TECHNOLOGY, ARTS, AND SCIENCES STUDIO",56.0,0.19642857142857145,0.14347111871385684
84K386,INVICTUS PREPARATORY CHARTER SCHOOL,77.0,0.3896103896103896,0.18752888991344735
17K352,EBBETS FIELD MIDDLE SCHOOL,63.0,0.14285714285714285,0.14269022407421067
17K138,P.S. 138 BROOKLYN,93.0,0.24731182795698925,0.3173238783824071
15K448,BROOKLYN SECONDARY SCHOOL FOR COLLABORATIVE STUDIES,88.0,0.06818181818181818,0.25071200324562637
12X273,FREDERICK DOUGLASS ACADEMY V. MIDDLE SCHOOL,84.0,0.13095238095238096,0.09833282598060686
84R067,JOHN W. LAVELLE PREPARATORY CHARTER SCHOOL,109.0,0.14678899082568808,0.16678553014426067
01M140,P.S. 140 NATHAN STRAUS,56.0,0.10714285714285714,0.11227011148542959
09X339,I.S. 339,179.0,0.15083798882681565,0.09024516846885433
23K697,TEACHERS PREPARATORY HIGH SCHOOL,20.0,0.0,0.16435605491752459
84K651,PAVE ACADEMY CHARTER SCHOOL,46.0,0.8913043478260869,0.3605298003846224
03M859,SPECIAL MUSIC SCHOOL,14.0,0.7142857142857143,0.799159640729177
12X211,P.S. 211,83.0,0.08433734939759037,0.1607641628620438
13K527,URBAN ASSEMBLY INSTITUTE OF MATH AND SCIENCE FOR YOUNG WOMEN,62.0,0.3548387096774194,0.19373981440732596
29Q059,I.S. 059 SPRINGFIELD GARDENS,183.0,0.30601092896174864,0.13957850860250823
10X331,THE BRONX SCHOOL OF YOUNG LEADERS,152.0,0.23026315789473684,0.17062815616273458
04M610,YOUNG WOMEN'S LEADERSHIP SCHOOL,56.0,0.14285714285714285,0.31762245587585036
12X383,EMOLIOR ACADEMY,82.0,0.24390243902439024,0.14789980845814826
27Q146,P.S. 146 HOWARD BEACH,53.0,0.2075471698113208,0.36294259854583455
18K066,P.S. 66,102.0,0.3627450980392157,0.2886976807065662
12X212,P.S. 212,70.0,0.0,0.09587713045449159
10X003,P.S. 3 RAUL JULIA MICRO SOCIETY,27.0,0.4814814814814815,0.21239738475138076
29Q192,I.S. 192 THE LINDEN,225.0,0.08,0.10577502973557718
84K758,BROOKLYN URBAN GARDEN CHARTER SCHOOL,90.0,0.4777777777777778,0.3441925214087246
12X372,URBAN ASSEMBLY SCHOOL FOR WILDLIFE CONSERVATION,69.0,0.08695652173913042,0.11341505370128493
32K377,P.S. 377 ALEJANDRINA B. DE GAUTIER,50.0,0.4,0.11057867539614766
25Q200,P.S./M.S. 200 - THE POMONOK SCHOOL & STAR ACADEMY,60.0,0.15,0.31807298758516506
10X315,P.S. 315 LAB SCHOOL,25.0,0.48,0.23766294634107354
27Q309,ACADEMY OF MEDICAL TECHNOLOGY: A COLLEGE BOARD SCHOOL,69.0,0.18840579710144928,0.12251884045414546
09X325,URBAN SCIENCE ACADEMY,99.0,0.16161616161616166,0.04658382949905848
27Q333,GOLDIE MAPLE ACADEMY,42.0,0.21428571428571427,0.1751553570385301
16K057,J.H.S. 057 WHITELAW REID,68.0,0.1323529411764706,0.17630585144861677
23K327,P.S. 327 DR. ROSE B. ENGLISH,37.0,0.2432432432432433,0.05837602346749343
84Q298,MIDDLE VILLAGE PREP CHARTER SCHOOL,105.0,0.5523809523809524,0.4806546958020901
24Q128,"P.S. 128 THE LORRAINE TUZZO, JUNIPER VALLEY ELEMENTARY SCHOOL",98.0,0.4693877551020408,0.5465380064634943
16K584,M.S. 584,27.0,0.0,0.05998608969720931
84M279,THE OPPORTUNITY CHARTER SCHOOL,70.0,0.17142857142857146,0.052881441537522916
11X144,J.H.S. 144 MICHELANGELO,167.0,0.25149700598802394,0.14707941800701732
23K137,P.S./I.S. 137 RACHEL JEAN MITCHELL,30.0,0.3,0.15003408986232852
12X384,ENTRADA ACADEMY,104.0,0.09615384615384616,0.10544580738115972
11X181,I.S. 181 PABLO CASALS,261.0,0.475095785440613,0.3564660189201681
13K265,DR. SUSAN S. MCKINNEY SECONDARY SCHOOL OF THE ARTS,35.0,0.0,0.12072411841166161
10X342,INTERNATIONAL SCHOOL FOR LIBERAL ARTS,55.0,0.0,0.17286300371426594
15K443,NEW VOICES SCHOOL OF ACADEMIC & CREATIVE ARTS,177.0,0.5310734463276836,0.5888347646531331
16K308,P.S. 308 CLARA CARDWELL,62.0,0.12903225806451613,0.07946590686101915
84Q706,OUR WORLD NEIGHBORHOOD CHARTER SCHOOL,74.0,0.472972972972973,0.45132884219103575
32K383,J.H.S. 383 PHILIPPA SCHUYLER,292.0,0.6130136986301371,0.42751313871696484
20K229,P.S. 229 DYKER,101.0,0.9207920792079208,0.5835475588663976
20K220,J.H.S. 220 JOHN J. PERSHING,488.0,0.3709016393442623,0.35783185915416926
18K235,P.S. 235 JANICE MARIE KNIGHT SCHOOL,111.0,0.8018018018018018,0.5661525911300591
04M377,RENAISSANCE SCHOOL OF THE ARTS,53.0,0.11320754716981132,0.1713994002293731
15K429,DIGITAL ARTS AND CINEMA TECHNOLOGY HIGH SCHOOL,29.0,0.0,0.05557154487319385
07X298,ACADEMY OF PUBLIC RELATIONS,94.0,0.09574468085106384,0.10428532328284157
07X005,P.S. 5 PORT MORRIS,87.0,0.09195402298850576,0.09605661283623299
32K291,J.H.S. 291 ROLAND HAYES,102.0,0.0784313725490196,0.11065663568956113
30Q127,P.S. 127 AEROSPACE SCIENCE MAGNET SCHOOL,117.0,0.2393162393162393,0.17391569566388893
23K522,MOTT HALL IV,54.0,0.16666666666666666,0.15166303266046094
05M123,P.S. 123 MAHALIA JACKSON,55.0,0.0,0.048059905854156704
11X194,P.S./M.S. 194,146.0,0.4383561643835616,0.3080185770135308
26Q067,J.H.S. 067 LOUIS PASTEUR,303.0,0.6963696369636964,0.6509175513070047
26Q074,J.H.S. 074 NATHANIEL HAWTHORNE,389.0,0.5989717223650386,0.6156053079999197
10X045,THOMAS C. GIORDANO MIDDLE SCHOOL 45,228.0,0.20175438596491227,0.14572387614739013
01M184,P.S. 184M SHUANG WEN,79.0,0.8481012658227848,0.6812726357755767
10X243,WEST BRONX ACADEMY FOR THE FUTURE,93.0,0.1935483870967742,0.246062284301556
84K710,BROWNSVILLE COLLEGIATE CHARTER SCHOOL,66.0,0.4393939393939394,0.36326466848672234
24Q560,"ROBERT F. WAGNER, JR. SECONDARY SCHOOL FOR ARTS AND TECHNOLOGY",32.0,1.09375,0.6884003502205511
08X337,THE SCHOOL FOR INQUIRY AND SOCIAL JUSTICE,184.0,0.21195652173913046,0.36368955480644993
20K686,BROOKLYN SCHOOL OF INQUIRY,62.0,1.2903225806451613,0.7545273229993565
19K654,VAN SICLEN COMMUNITY MIDDLE SCHOOL,115.0,0.13043478260869565,0.034147654633321534
03M243,M.S. 243 CENTER SCHOOL,57.0,0.6666666666666666,0.7911614060048886
15K088,J.H.S. 088 PETER ROUGET,403.0,0.4044665012406948,0.36389705920292625
10X095,P.S. 095 SHEILA MENCHER,155.0,0.2709677419354839,0.23676223395630225
02M655,LIFE SCIENCES SECONDARY SCHOOL,21.0,0.0,0.08624651760612079
02M167,J.H.S. 167 ROBERT F. WAGNER,436.0,0.591743119266055,0.6040401622650049
25Q025,I.S. 025 ADRIEN BLOCK,298.0,0.4932885906040269,0.45010230061221757
21K095,P.S. 095 THE GRAVESEND,41.0,0.2926829268292683,0.4181795897392953
22K381,I. S. 381,90.0,0.3333333333333333,0.26464225922162743
84X704,KIPP ACADEMY CHARTER SCHOOL,74.0,0.3108108108108108,0.3641131456910287
11X326,BRONX GREEN MIDDLE SCHOOL,132.0,0.2803030303030303,0.23310667581561234
30Q141,I.S. 141 THE STEINWAY,401.0,0.4239401496259352,0.4581132922140171
31R061,I.S. 061 WILLIAM A MORRIS,399.0,0.10025062656641603,0.17635285144448326
17K246,M.S. 246 WALT WHITMAN,174.0,0.13793103448275862,0.1425088210353172
02M422,QUEST TO LEARN,90.0,0.36666666666666653,0.3749832970040492
30Q230,I.S. 230,444.0,0.3536036036036036,0.4151198052700941
21K226,P.S. 226 ALFRED DE B.MASON,107.0,0.41121495327102797,0.39115725242659066
01M332,UNIVERSITY NEIGHBORHOOD MIDDLE SCHOOL,90.0,0.14444444444444446,0.1303119860508567
27Q318,WATERSIDE SCHOOL FOR LEADERSHIP,76.0,0.0,0.08451667091949
06M349,HARBOR HEIGHTS,65.0,0.0,0.13255168901785322
15K821,SUNSET PARK PREP,167.0,0.31736526946107785,0.4122671562011735
26Q266,P.S./I.S. 266,82.0,0.4024390243902439,0.4860158942135787
19K452,FREDERICK DOUGLASS ACADEMY VIII MIDDLE SCHOOL,98.0,0.5306122448979592,0.3179431084047624
08X101,M.S. X101 EDWARD R. BYRNE,162.0,0.4074074074074074,0.412371560279872
04M372,ESPERANZA PREPARATORY ACADEMY,87.0,0.0,0.13833177635407914
16K035,M.S. 035 STEPHEN DECATUR,66.0,0.4090909090909091,0.20992436768366196
04M224,M.S. 224 MANHATTAN EAST SCHOOL FOR ARTS & ACADEMICS,43.0,0.32558139534883723,0.35008171527071
17K394,M.S. K394,56.0,0.21428571428571427,0.17405815985429812
08X562,BLUEPRINT MIDDLE SCHOOL,116.0,0.25,0.18846389779980102
02M225,ELLA BAKER SCHOOL,22.0,0.0,0.3328407479309043
25Q219,P.S. 219 PAUL KLAPPER,84.0,0.34523809523809523,0.41388883623429407
12X098,J.H.S. 098 HERMAN RIDDER,81.0,0.0,0.1033470779546358
05M499,FREDERICK DOUGLASS ACADEMY,83.0,0.1566265060240964,0.1612496746303027
02M177,YORKVILLE EAST MIDDLE SCHOOL,50.0,0.84,0.5675212854343132
30Q291,HUNTERS POINT COMMUNITY MIDDLE SCHOOL,134.0,0.4850746268656717,0.4475976391233002
13K113,M.S. 113 RONALD EDMONDS LEARNING CENTER,127.0,0.15748031496062992,0.1780407105050626
15K136,I.S. 136 CHARLES O. DEWEY,164.0,0.1097560975609756,0.15238825215648102
17K590,MEDGAR EVERS COLLEGE PREPARATORY SCHOOL,96.0,0.15625,0.7510935055703507
23K518,KAPPA V (KNOWLEDGE AND POWER PREPARATORY ACADEMY),58.0,0.3448275862068966,0.2065690569709211
28Q157,J.H.S. 157 STEPHEN A. HALSEY,507.0,0.4911242603550296,0.5005354218911395
09X219,I.S. 219 NEW VENTURE SCHOOL,93.0,0.07526881720430108,0.054186574812982946
13K301,SATELLITE EAST MIDDLE SCHOOL,34.0,0.0,0.12080220804028036
09X218,P.S./I.S. 218 RAFAEL HERNANDEZ DUAL LANGUAGE MAGNET SCHOOL,82.0,0.7682926829268293,0.28681755217787525
29Q356,COMMUNITY VOICES MIDDLE SCHOOL,116.0,0.07758620689655173,0.10962730966615966
22K278,J.H.S. 278 MARINE PARK,313.0,0.31309904153354634,0.3822208372346954
84K357,KIPP AMP CHARTER SCHOOL,80.0,0.4375,0.340503661106064
07X029,P.S./M.S. 029 MELROSE SCHOOL,94.0,0.10638297872340426,0.09593219192192304
84X419,BRONX ACADEMY OF PROMISE CHARTER SCHOOL,65.0,0.8923076923076924,0.352292594937709
25Q185,J.H.S. 185 EDWARD BLEEKER,495.0,0.5050505050505051,0.5048308795528178
28Q284,YORK EARLY COLLEGE ACADEMY,92.0,0.22826086956521735,0.499921144839672
10X015,P.S. X015 INSTITUTE FOR ENVIRONMENTAL LEARNING,66.0,0.4090909090909091,0.3487615902569927
05M514,NEW DESIGN MIDDLE SCHOOL,66.0,0.16666666666666666,0.03951675568457691
14K071,JUAN MOREL CAMPOS SECONDARY SCHOOL,86.0,0.0,0.10154093962605432
84M708,HARLEM PREP CHARTER SCHOOL,113.0,0.11504424778761063,0.266417973605803
19K663,SCHOOL OF THE FUTURE BROOKLYN,44.0,0.2727272727272727,0.09940422106933469
84K737,BROWNSVILLE ASCEND CHARTER SCHOOL,85.0,0.2823529411764706,0.33703881721795836
30Q111,P.S. 111 JACOB BLACKWELL,33.0,0.0,0.0865803978695342
21K098,I.S. 98 BAY ACADEMY,492.0,0.7560975609756098,0.7008335636925245
84K355,WILLIAMSBURG COLLEGIATE CHARTER SCHOOL,81.0,0.2716049382716049,0.48997441796310137
84X461,METROPOLITAN LIGHTHOUSE CHARTER SCHOOL,54.0,0.2777777777777778,0.2430478469601468
20K180,THE SEEALL ACADEMY,170.0,0.6647058823529411,0.44059470870262196
05M362,COLUMBIA SECONDARY SCHOOL,98.0,0.42857142857142855,0.7234592850245295
22K014,J.H.S. 014 SHELL BANK,218.0,0.18807339449541285,0.18853405483084065
18K588,MIDDLE SCHOOL FOR ART AND PHILOSOPHY,61.0,0.18032786885245905,0.15089680549529425
29Q138,P.S./M.S. 138 SUNRISE,99.0,0.101010101010101,0.04627582755335552
84X482,DR. RICHARD IZQUIERDO HEALTH AND SCIENCE CHARTER SCHOOL,116.0,0.0603448275862069,0.1937290549946637
31R075,I.S. 075 FRANK D. PAULO,506.0,0.30237154150197626,0.3573257445262912
11X175,P.S. 175 CITY ISLAND,41.0,0.3414634146341464,0.3899136099797698
01M188,P.S. 188 THE ISLAND SCHOOL,58.0,0.0,0.18961480811921944
16K262,P.S. 262 EL HAJJ MALIK EL SHABAZZ ELEMENTARY SCHOOL,33.0,0.0,0.20145939110722794
14K126,JOHN ERICSSON MIDDLE SCHOOL 126,143.0,0.2447552447552448,0.22019573083774632
12X341,ACCION ACADEMY,34.0,0.2058823529411765,0.14374218608506042
30Q010,I.S. 010 HORACE GREELEY,293.0,0.19112627986348124,0.3045044903299001
02M413,SCHOOL OF THE FUTURE HIGH SCHOOL,89.0,0.5168539325842697,0.5382108354605052
84X717,ICAHN CHARTER SCHOOL,31.0,0.7741935483870968,0.46415687533167316
08X467,MOTT HALL COMMUNITY SCHOOL,120.0,0.175,0.15855837346513665
12X129,M.S. 129 ACADEMY FOR INDEPENDENT LEARNING AND LEADERSHIP,192.0,0.15104166666666666,0.20367821830043897
02M114,EAST SIDE MIDDLE SCHOOL,145.0,0.8551724137931035,0.7911997891663968
12X214,P.S. 214,135.0,0.2074074074074074,0.18928266205336097
22K207,P.S. 207 ELIZABETH G. LEARY,148.0,0.2905405405405405,0.4516547680530152
11X566,PELHAM GARDENS MIDDLE SCHOOL,157.0,0.19745222929936307,0.1834201551572519
04M012,TAG YOUNG SCHOLARS,58.0,0.9310344827586208,0.776340878254127
06M328,COMMUNITY MATH & SCIENCE PREP,104.0,0.08653846153846154,0.07504769922664084
21K303,I.S. 303 HERBERT S. EISENBERG,150.0,0.2533333333333333,0.2963228195126657
06M210,P.S./I.S. 210 - TWENTY-FIRST CENTURY ACADEMY FOR COMMUNITY LEADERSHIP,54.0,0.14814814814814814,0.3151990338487514
29Q327,EAGLE ACADEMY FOR YOUNG MEN III,81.0,0.0,0.11085967460761889
16K267,"M.S. 267 MATH, SCIENCE & TECHNOLOGY",60.0,0.31666666666666665,0.27417783222791814
84K379,EXPLORE EXCEL CHARTER SCHOOL,59.0,0.3898305084745763,0.22501128990889274
02M276,BATTERY PARK CITY SCHOOL,91.0,0.6153846153846154,0.6251904586151902
28Q072,CATHERINE & COUNT BASIE MIDDLE SCHOOL 72,188.0,0.19680851063829788,0.07085695415116255
14K577,CONSELYEA PREPARATORY SCHOOL,152.0,0.5921052631578947,0.4611112719341827
17K061,M.S. 061 DR. GLADSTONE H. ATWELL,326.0,0.294478527607362,0.22921303069507076
84X345,HYDE LEADERSHIP CHARTER SCHOOL,71.0,0.2676056338028169,0.2726985259414574
84Q705,RENAISSANCE CHARTER SCHOOL,54.0,0.24074074074074076,0.37843087606742554
04M072,THE LEXINGTON ACADEMY,83.0,0.13253012048192772,0.15324631590324309
24Q113,P.S./I.S. 113 ANTHONY J. PRANZO,116.0,0.2241379310344828,0.46923288344443803
31R007,I.S. 007 ELIAS BERNSTEIN,399.0,0.3233082706766917,0.38244555981990813
07X221,SOUTH BRONX PREPARATORY: A COLLEGE BOARD SCHOOL,95.0,0.08421052631578947,0.18223030386952815
11X355,BRONX ALLIANCE MIDDLE SCHOOL,109.0,0.22018348623853207,0.1297807977174763
84K358,ACHIEVEMENT FIRST EAST NEW YORK CHARTER SCHOOL,58.0,0.4310344827586207,0.48486776963281797
84M861,FUTURE LEADERS INSTITUTE CHARTER SCHOOL,42.0,0.30952380952380953,0.2162823846883178
32K349,"I.S. 349 MATH, SCIENCE & TECH.",100.0,0.07,0.2184476848391135
27Q047,P.S. 047 CHRIS GALAS,10.0,0.0,0.39088526480628266
11X083,P.S. 083 DONALD HERTZ,226.0,0.3407079646017699,0.3434539527811223
17K354,THE SCHOOL OF INTEGRATED LEARNING,101.0,0.1782178217821782,0.3609423441676281
84K517,LEADERSHIP PREP BEDFORD STUYVESANT UNCOMMON PREP CHARTER SCHOOL,77.0,0.7272727272727273,0.5612490948282045
03M149,P.S. 149 SOJOURNER TRUTH,26.0,0.0,0.04634390570387603
84X255,BRONX CHARTER SCHOOL FOR EXCELLENCE,91.0,0.7142857142857143,0.48606028960843756
11X180,M.S. 180 DR. DANIEL HALE WILLIAMS,290.0,0.5206896551724138,0.36950665697351415
30Q227,I.S. 227 LOUIS ARMSTRONG,459.0,0.44880174291939,0.5151737581678699
04M096,P.S. 096 JOSEPH LANZETTA,78.0,0.0,0.08642651717886474
84K740,BROOKLYN SCHOLARS CHARTER SCHOOL,77.0,0.3376623376623377,0.28871959021757876
09X128,MOTT HALL III,111.0,0.6126126126126126,0.4042014821961777
84K744,CONEY ISLAND PREPARATORY PUBLIC CHARTER SCHOOL,87.0,0.25287356321839083,0.37306930355489176
84K711,LEADERSHIP PREPARATORY BROWNSVILLE CHARTER SCHOOL,80.0,0.3875,0.4317078803343991
32K162,J.H.S. 162 THE WILLOUGHBY,135.0,0.05925925925925926,0.14735769907369306
03M245,M.S. M245 THE COMPUTER SCHOOL,129.0,0.5426356589147286,0.5956197542548394
84K608,KINGS COLLEGIATE CHARTER SCHOOL,83.0,0.3253012048192771,0.4895719247972051
16K681,MADIBA PREP MIDDLE SCHOOL,48.0,0.4166666666666667,0.1658060957545134
84K593,EXCELLENCE BOYS CHARTER SCHOOL,72.0,0.5416666666666666,0.5019814172448005
08X123,J.H.S. 123 JAMES M. KIERAN,114.0,0.09649122807017543,0.14310894996509516
84K712,EXCELLENCE GIRLS CHARTER SCHOOL,84.0,0.7023809523809523,0.5589623616928421
18K211,I.S. 211 JOHN WILSON,186.0,0.1935483870967742,0.21541769417871048
02M255,M.S. 255 SALK SCHOOL OF SCIENCE,127.0,0.8503937007874016,0.8379349651038953
84K652,BROOKLYN ASCEND CHARTER SCHOOL,81.0,0.5925925925925926,0.38424591026438926
21K288,P.S. 288 THE SHIRLEY TANYHILL,49.0,0.0,0.06051843695379505
20K062,J.H.S. 062 DITMAS,415.0,0.25060240963855424,0.2886522765636363
08X376,ANTONIA PANTOJA PREPARATORY ACADEMY: A COLLEGE BOARD SCHOOL,63.0,0.14285714285714285,0.17077850457231153
25Q164,P.S. 164 QUEENS VALLEY,85.0,0.4470588235294118,0.41361768465844584
21K096,I.S. 096 SETH LOW,230.0,0.4956521739130435,0.2869243807476434
02M933,CITY KNOLL MIDDLE SCHOOL,88.0,0.19318181818181815,0.315561737231549
84K730,SUMMIT ACADEMY CHARTER SCHOOL,41.0,0.17073170731707318,0.29038603331232216
84X706,HARRIET TUBMAN CHARTER SCHOOL,71.0,0.3380281690140845,0.36357035303923146
32K347,I.S. 347 SCHOOL OF HUMANITIES,87.0,0.1264367816091954,0.21417945599467098
06M293,CITY COLLEGE ACADEMY OF THE ARTS,78.0,0.16666666666666666,0.4555960453239979
06M366,WASHINGTON HEIGHTS ACADEMY,50.0,0.3,0.42140242401718353
14K614,YOUNG WOMEN'S LEADERSHIP SCHOOL OF BROOKLYN,43.0,0.0,0.24927133511129412
25Q194,J.H.S. 194 WILLIAM CARR,375.0,0.392,0.4228016313951889
13K691,FORT GREENE PREPARATORY ACADEMY,82.0,0.2073170731707317,0.1808354474707055
84M065,DEMOCRACY PREP ENDURANCE CHARTER SCHOOL,105.0,0.24761904761904766,0.3299614600086043
04M825,ISAAC NEWTON MIDDLE SCHOOL FOR MATH & SCIENCE,82.0,0.24390243902439024,0.16296985432252875
09X117,I.S. 117 JOSEPH H. WADE,223.0,0.0,0.12998236260737486
12X316,KAPPA III,122.0,0.2786885245901639,0.2929690525544484
10X308,BRONX DANCE ACADEMY SCHOOL,92.0,0.2065217391304348,0.30887859143538915
07X343,ACADEMY OF APPLIED MATHEMATICS AND TECHNOLOGY,102.0,0.30392156862745096,0.26849813377255116
09X350,NEW DIRECTIONS SECONDARY SCHOOL,68.0,0.0,0.020773314746262372
04M007,P.S. 007 SAMUEL STERN,42.0,0.0,0.22253864309880447
84M202,GREAT OAKS CHARTER SCHOOL,71.0,0.38028169014084506,0.2920624545489494
02M312,NEW YORK CITY LAB MIDDLE SCHOOL FOR COLLABORATIVE STUDIES,174.0,0.9367816091954024,0.822013809529657
31R861,STATEN ISLAND SCHOOL OF CIVIC LEADERSHIP,98.0,0.3469387755102041,0.321194510586269
17K181,P.S. 181 BROOKLYN,88.0,0.3181818181818182,0.15990307947491672
06M223,THE MOTT HALL SCHOOL,82.0,0.9878048780487804,0.5439880848842616
84K648,BEDFORD STUYVESANT COLLEGIATE CHARTER SCHOOL,76.0,0.4868421052631579,0.45011272165912863
07X551,THE URBAN ASSEMBLY BRONX ACADEMY OF LETTERS,81.0,0.0,0.05704570519132188
10X225,THEATRE ARTS PRODUCTION COMPANY SCHOOL,65.0,0.09230769230769233,0.2704226306694506
01M539,"NEW EXPLORATIONS INTO SCIENCE, TECHNOLOGY AND MATH SCHOOL",121.0,1.0413223140495869,0.8717080816356605
24Q125,I.S. 125 THOM J. MCCANN WOODSIDE,581.0,0.46815834767642,0.3733072029660491
84R073,NEW WORLD PREPARATORY CHARTER SCHOOL,128.0,0.203125,0.2464226989624942
23K165,P.S. 165 IDA POSNER,28.0,0.0,0.08483582507102527
06M346,COMMUNITY HEALTH ACADEMY OF THE HEIGHTS,90.0,0.17777777777777778,0.20028852880673503
23K392,I.S. 392,91.0,0.5054945054945055,0.5012223881801056
14K582,M.S. 582,85.0,0.0,0.19268206516600384
31R063,MARSH AVENUE SCHOOL FOR EXPEDITIONARY LEARNING,140.0,0.5,0.38587573095281197
09X328,NEW MILLENNIUM BUSINESS ACADEMY MIDDLE SCHOOL,58.0,0.3620689655172414,0.10856623093828136
29Q116,P.S./I.S. 116 WILLIAM C. HUGHLEY,60.0,0.16666666666666666,0.08133938987185754
24Q087,P.S./I.S. 087 MIDDLE VILLAGE,45.0,0.26666666666666666,0.29496488077757893
27Q282,KNOWLEDGE AND POWER PREPARATORY ACADEMY VI,86.0,0.4883720930232558,0.2573370815188837
04M171,P.S. 171 PATRICK HENRY,95.0,0.4526315789473685,0.47374869953753707
84M068,KIPP WASHINGTON HEIGHTS MIDDLE SCHOOL,93.0,0.2043010752688172,0.4585873462945429
28Q680,QUEENS GATEWAY TO HEALTH SCIENCES SECONDARY SCHOOL,89.0,0.6853932584269663,0.6704649067073998
25Q189,J.H.S. 189 DANIEL CARTER BEARD,231.0,0.4199134199134199,0.3792990458804638
31R024,I.S. 024 MYRA S. BARNES,458.0,0.2882096069868996,0.30756911476600307
09X229,I.S. 229 ROLAND PATTERSON,88.0,0.0,0.11391105032582743
06M322,MIDDLE SCHOOL 322,105.0,0.20952380952380956,0.20668688909238905
15K464,PARK SLOPE COLLEGIATE,48.0,0.4375,0.35688667879983454
84Q304,VOICE CHARTER SCHOOL OF NEW YORK,57.0,0.3508771929824561,0.40285866847663654
10X363,ACADEMY FOR PERSONAL LEADERSHIP AND EXCELLENCE,161.0,0.2795031055900621,0.18814714090650664
01M839,TOMPKINS SQUARE MIDDLE SCHOOL,122.0,0.5409836065573771,0.4673010462036514
03M076,P.S. 076 A. PHILIP RANDOLPH,49.0,0.0,0.10563771557915147
03M258,COMMUNITY ACTION SCHOOL - MS 258,82.0,0.13414634146341464,0.2644347221187965
17K533,SCHOOL FOR DEMOCRACY AND LEADERSHIP,17.0,0.0,0.10801021215920778
26Q178,P.S./I.S. 178 HOLLISWOOD,56.0,0.4107142857142857,0.4394338327786501
23K664,BROOKLYN ENVIRONMENTAL EXPLORATION SCHOOL (BEES),42.0,0.2857142857142857,0.1333239843582073
20K192,P.S. 192 - THE MAGNET SCHOOL FOR MATH AND SCIENCE INQUIRY,49.0,0.2857142857142857,0.2901731030644397
08X269,BRONX STUDIO SCHOOL FOR WRITERS AND ARTISTS,95.0,0.0,0.13395306187217337
27Q042,P.S./M.S. 042 R. VERNAM,73.0,0.0,-0.015733587590493925
02M217,P.S./I.S. 217 ROOSEVELT ISLAND,18.0,0.3333333333333333,0.48415997837894253
22K109,P.S. 109,76.0,0.15789473684210525,0.22659418108077803
32K045,P.S./I.S. 045 HORACE E. GREENE,70.0,0.3428571428571429,0.2290503340224476
31R028,THE EAGLE ACADEMY FOR YOUNG MEN OF STATEN ISLAND,59.0,0.3050847457627119,0.15973607861962524
10X459,EAST FORDHAM ACADEMY FOR THE ARTS,106.0,0.09433962264150944,0.12919541366438408
20K609,URBAN ASSEMBLY SCHOOL FOR CRIMINAL JUSTICE,69.0,0.3478260869565217,0.3480252241955949
29Q268,P.S./I.S. 268,66.0,0.4090909090909091,0.2418843762649956
23K363,BROWNSVILLE COLLABORATIVE MIDDLE SCHOOL,37.0,0.0,0.07116981389963212
03M180,P.S. 180 HUGO NEWMAN,57.0,0.3859649122807017,0.21583670408105965
19K422,SPRING CREEK COMMUNITY SCHOOL,69.0,0.08695652173913042,0.13880551160553076
06M187,P.S./I.S. 187 HUDSON CLIFFS,93.0,0.3870967741935484,0.45914552883069815
01M450,EAST SIDE COMMUNITY SCHOOL,107.0,0.14953271028037382,0.41696383355962774
12X190,E.S.M.T- I.S. 190,75.0,0.2533333333333333,0.2125720600058565
84X422,ICAHN CHARTER SCHOOL 3,24.0,0.7083333333333334,0.44026980460959153
02M407,INSTITUTE FOR COLLABORATIVE EDUCATION,72.0,0.2916666666666667,0.44329125450594975
23K284,"THE GREGORY JOCKO JACKSON SCHOOL OF SPORTS, ART, AND TECHNOLOGY",58.0,0.15517241379310345,0.09596746293500857
84K707,BROOKLYN PROSPECT CHARTER SCHOOL,105.0,0.22857142857142854,0.4958476286076397
19K661,VISTA ACADEMY,114.0,0.21052631578947367,0.2167256407768484
84Q083,CENTRAL QUEENS ACADEMY CHARTER SCHOOL,97.0,0.42268041237113396,0.5218238598837532
09X022,J.H.S. 022 JORDAN L. MOTT,145.0,0.16551724137931034,0.10188077986191574
84K536,COMMUNITY ROOTS CHARTER SCHOOL,51.0,0.3137254901960784,0.4691371259448065
17K543,"SCIENCE, TECHNOLOGY AND RESEARCH EARLY COLLEGE HIGH SCHOOL AT ERASMUS",66.0,0.30303030303030304,0.48333967717185056
26Q216,J.H.S. 216 GEORGE J. RYAN,469.0,0.6481876332622601,0.5297142949356513
19K662,LIBERTY AVENUE MIDDLE SCHOOL,156.0,0.07692307692307693,0.1612313283107353
21K225,P.S. K225 - THE EILEEN E. ZAGLIN,114.0,0.3684210526315789,0.2370600622788564
06M218,I.S. 218 SALOME URENA,93.0,0.0,0.12084988858502557
28Q896,"YOUNG WOMEN'S LEADERSHIP SCHOOL, QUEENS",79.0,0.3670886075949367,0.4669851144424201
84X258,TECH INTERNATIONAL CHARTER SCHOOL,92.0,0.0,0.2003584201131745
27Q183,P.S. 183 DR. RICHARD R. GREEN,48.0,0.0,0.002368537500175405
10X280,P.S./M.S. 280 MOSHOLU PARKWAY,102.0,0.4019607843137255,0.3174461839478769
10X244,THE NEW SCHOOL FOR LEADERSHIP AND JOURNALISM,278.0,0.3273381294964029,0.32549201138253503
25Q294,BELL ACADEMY,124.0,0.5564516129032258,0.5460343952930128
17K340,I.S. 340,75.0,0.4666666666666667,0.35163388248311256
84M341,HARLEM CHILDREN'S ZONE PROMISE ACADEMY II CHARTER SCHOOL,79.0,0.2278481012658228,0.4057210649519483
30Q235,ACADEMY FOR NEW AMERICANS,72.0,0.08333333333333333,0.10724043497795696
24Q119,I.S. 119 THE GLENDALE,229.0,0.4541484716157205,0.5348078249519242
29Q289,QUEENS UNITED MIDDLE SCHOOL,73.0,0.2876712328767123,0.060101440105331416
11X019,P.S. 019 JUDITH K. WEISS,56.0,0.42857142857142855,0.4540062146467754
30Q286,"YOUNG WOMEN'S LEADERSHIP SCHOOL, ASTORIA",82.0,0.35365853658536583,0.4945964977132218
15K051,M.S. 51 WILLIAM ALEXANDER,372.0,0.7526881720430108,0.7607407148362317
84K731,BROOKLYN EXCELSIOR CHARTER SCHOOL,75.0,0.30666666666666664,0.2849359877004571
23K184,P.S. 184 NEWPORT,42.0,0.0,0.10000070967115365
08X367,"ARCHIMEDES ACADEMY FOR MATH, SCIENCE AND TECHNOLOGY APPLICATIONS",87.0,0.3448275862068966,0.18823559916943894
23K671,MOTT HALL BRIDGES ACADEMY,63.0,0.15873015873015872,0.1799671376714757
31R072,I.S. 072 ROCCO LAURIE,442.0,0.31447963800904977,0.32484226306400216
03M334,THE ANDERSON SCHOOL,74.0,1.0135135135135136,0.8618715896163766
84M726,KIPP STAR COLLEGE PREP CHARTER SCHOOL,62.0,0.2903225806451613,0.4073668588210695
13K266,M.S. K266 - PARK PLACE COMMUNITY MIDDLE SCHOOL,51.0,0.1568627450980392,0.1676785299026659
11X089,P.S. 089 BRONX,186.0,0.13440860215053765,0.2652267490922483
10X080,J.H.S. 080 THE MOSHOLU PARKWAY,232.0,0.21982758620689652,0.2191904787360875
13K313,SATELLITE WEST MIDDLE SCHOOL,18.0,0.0,0.2869451877848347
03M165,P.S. 165 ROBERT E. SIMON,58.0,0.1206896551724138,0.2174161290140434
11X127,J.H.S. 127 THE CASTLE HILL,234.0,0.5683760683760684,0.28826854340285674
04M406,GLOBAL TECHNOLOGY PREPARATORY,48.0,0.0,0.1391801668565783
84M481,DEMOCRACY PREP HARLEM CHARTER SCHOOL,110.0,0.19090909090909086,0.24764345358051798
10X254,I.S. 254,195.0,0.06666666666666668,0.18962284035464333
29Q355,COLLABORATIVE ARTS MIDDLE SCHOOL,136.0,0.125,0.0625996282410218
05M286,URBAN ASSEMBLY ACADEMY FOR FUTURE LEADERS,93.0,0.16129032258064516,0.0612132843309538
02M442,"BALLET TECH, NYC PUBLIC SCHOOL FOR DANCE",20.0,0.75,0.6575130922969351
03M860,FREDERICK DOUGLASS ACADEMY II SECONDARY SCHOOL,30.0,0.0,0.23549326910456897
02M131,M.S. 131,170.0,0.3176470588235294,0.4345331736715992
24Q102,P.S. 102 BAYVIEW,113.0,0.5929203539823009,0.4427265098591378
28Q332,REDWOOD MIDDLE SCHOOL,99.0,0.2727272727272727,0.14023052885265497
03M421,WEST PREP ACADEMY,68.0,0.3088235294117647,0.16707377307176513
10X368,IN-TECH ACADEMY (M.S. / HIGH SCHOOL 368),171.0,0.15789473684210525,0.2683628286646605
18K581,EAST FLATBUSH COMMUNITY RESEARCH SCHOOL,42.0,0.42857142857142855,0.17709892830053908
05M302,KAPPA IV,48.0,0.0,0.0696633896126218
24Q093,I.S. 093 RIDGEWOOD,398.0,0.19597989949748745,0.32351594072543544
19K760,HIGHLAND PARK COMMUNITY SCHOOL,100.0,0.1,0.1489943289540882
07X151,J.H.S. 151 LOU GEHRIG,89.0,0.0,0.08626351462960649
04M108,P.S. 108 ASSEMBLYMAN ANGELO DEL TORO EDUCATIONAL COMPLEX,90.0,0.1,0.10550026905952803
09X454,SCIENCE AND TECHNOLOGY ACADEMY: A MOTT HALL SCHOOL,152.0,0.23026315789473684,0.3108699035482665
08X375,THE BRONX MATHEMATICS PREPARATORY SCHOOL,88.0,0.19318181818181815,0.11999493220987836
25Q285,WORLD JOURNALISM PREPARATORY: A COLLEGE BOARD SCHOOL,71.0,0.22535211267605634,0.30908670482769995
84M382,DREAM CHARTER SCHOOL,55.0,0.2909090909090909,0.3429304188034072
27Q319,VILLAGE ACADEMY,98.0,0.3775510204081632,0.037224977905738255
06M018,P.S. 018 PARK TERRACE,44.0,0.13636363636363635,0.20356262226447058
02M896,LOWER MANHATTAN COMMUNITY MIDDLE SCHOOL,127.0,0.5511811023622047,0.5037722924500301
19K311,ESSENCE SCHOOL,37.0,0.0,0.052538525794511015
32K383,J.H.S. 383 PHILIPPA SCHUYLER,292.0,0.6130136986301371,0.43425913577154274
09X303,I.S. X303 LEADERSHIP & COMMUNITY SERVICE,79.0,0.20253164556962025,0.2505647715541461
10X447,CRESTON ACADEMY,162.0,0.17901234567901236,0.244233037627625
84X471,AMERICAN DREAM CHARTER SCHOOL,77.0,0.3376623376623377,0.2620139913166039
32K554,ALL CITY LEADERSHIP SECONDARY SCHOOL,62.0,0.3548387096774194,0.7329148993485489
05M129,P.S. 129 JOHN H. FINLEY,50.0,0.42,0.15000125950494192
22K206,P.S. 206 JOSEPH F LAMB,122.0,0.4180327868852459,0.4862675773863677
84X177,MOTT HALL CHARTER SCHOOL,79.0,0.20253164556962025,0.16188431839704545
11X532,BAYCHESTER MIDDLE SCHOOL,101.0,0.1485148514851485,0.16281077805456315
20K223,J.H.S. 223 THE MONTAUK,334.0,0.4251497005988024,0.35711843908805535
14K318,I.S. 318 EUGENIO MARIA DE HOSTOS,499.0,0.44488977955911824,0.370385391427765
21K228,I.S. 228 DAVID A. BOODY,538.0,0.29739776951672864,0.36071601213654525
02M289,I.S. 289,94.0,0.5,0.6318877016394404
84K742,EXPLORE EMPOWER CHARTER SCHOOL,55.0,0.4727272727272727,0.24374672209521256
29Q270,THE GORDON PARKS SCHOOL,67.0,0.5223880597014925,0.22174948502793404
12X318,"I.S. X318 MATH, SCIENCE & TECHNOLOGY THROUGH ARTS",95.0,0.18947368421052632,0.15414746561709147
31R027,I.S. 027 ANNING S. PRALL,358.0,0.2150837988826816,0.288709897017276
29Q283,PREPARATORY ACADEMY FOR WRITERS: A COLLEGE BOARD SCHOOL,53.0,0.18867924528301888,0.2944783215205119
84K360,LAUNCH EXPEDITIONARY LEARNING CHARTER SCHOOL,104.0,0.25961538461538464,0.19062964297510213
30Q300,THE 30TH AVENUE SCHOOL (G&T CITYWIDE),25.0,1.56,0.7890401892577866
13K008,P.S. 008 ROBERT FULTON,86.0,0.4883720930232558,0.6136895760964697
11X289,THE YOUNG SCHOLARS ACADEMY OF THE BRONX,105.0,0.0,0.14518670852139856
84K356,ACHIEVEMENT FIRST CROWN HEIGHTS CHARTER SCHOOL,82.0,0.5975609756097561,0.4478350660166175
09X413,BRONX HIGH SCHOOL FOR MEDICAL SCIENCE,44.0,0.2272727272727273,0.35397469602571796
21K690,BROOKLYN STUDIO SECONDARY SCHOOL,84.0,0.2261904761904762,0.34439330579400973
25Q281,EAST-WEST SCHOOL OF INTERNATIONAL STUDIES,111.0,0.6306306306306306,0.532443494168238
19K089,P.S. 089 CYPRESS HILLS,60.0,0.2833333333333333,0.1526618120389909
26Q172,IRWIN ALTMAN MIDDLE SCHOOL 172,312.0,0.6057692307692307,0.39359174636919947
28Q190,J.H.S. 190 RUSSELL SAGE,369.0,0.4661246612466125,0.4356728513975399
21K209,P.S. 209 MARGARET MEAD,51.0,0.6470588235294118,0.37814367410417443
84M388,ST. HOPE LEADERSHIP ACADEMY CHARTER SCHOOL,85.0,0.25882352941176473,0.1522534053534094
07X162,J.H.S. 162 LOLA RODRIGUEZ DE TIO,116.0,0.0,0.07625319753740753
08X302,M.S. 302 LUISA DESSUS CRUZ,170.0,0.07647058823529412,0.1280368262579516
06M311,AMISTAD DUAL LANGUAGE SCHOOL,52.0,0.2307692307692308,0.316348810277839
10X020,"P.S./M.S. 20 P.O.GEORGE J. WERDANN, III",82.0,0.5121951219512195,0.21663599883356674
11X462,CORNERSTONE ACADEMY FOR SOCIAL ACTION MIDDLE SCHOOL (CASA),85.0,0.2823529411764706,0.27421116397860434
09X145,J.H.S. 145 ARTURO TOSCANINI,125.0,0.0,0.10429500783823314
84X258,TECH INTERNATIONAL CHARTER SCHOOL,92.0,0.0,0.2003584201131767
21K468,KINGSBOROUGH EARLY COLLEGE SCHOOL,80.0,0.1875,0.2992372524892987
09X568,YOUNG WOMEN'S LEADERSHIP SCHOOL OF THE BRONX,79.0,0.37974683544303794,0.3874921340236307
20K104,P.S./I.S. 104 THE FORT HAMILTON SCHOOL,166.0,0.5240963855421686,0.42500992262112014
15K447,THE MATH & SCIENCE EXPLORATORY SCHOOL,171.0,0.783625730994152,0.779312264971493
03M054,J.H.S. 054 BOOKER T. WASHINGTON,250.0,1.028,0.7229045818172308
08X424,THE HUNTS POINT SCHOOL,100.0,0.0,0.08372628317629544
20K259,J.H.S. 259 WILLIAM MCKINLEY,568.0,0.5440140845070423,0.5154569019408872
10X206,I.S. 206 ANN MERSEREAU,76.0,0.10526315789473684,0.14102522270951495
17K531,"SCHOOL FOR HUMAN RIGHTS, THE",46.0,0.0,0.23686035710558817
84X488,THE EQUALITY CHARTER SCHOOL,90.0,0.34444444444444444,0.2530101541592583
01M378,SCHOOL FOR GLOBAL LEADERS,85.0,0.2235294117647059,0.23581710010328635
06M143,J.H.S. 143 ELEANOR ROOSEVELT,128.0,0.1328125,0.14360853132970028
11X370,LEADERS OF TOMORROW,136.0,0.21323529411764705,0.13127903297211216
14K586,LYONS COMMUNITY SCHOOL,50.0,0.12,0.09290903524733957
09X313,I.S. 313 SCHOOL OF LEADERSHIP DEVELOPMENT,106.0,0.08490566037735849,0.11581919091544435
19K409,EAST NEW YORK FAMILY ACADEMY,75.0,0.13333333333333333,0.30294564546979097
13K282,P.S. 282 PARK SLOPE,98.0,0.3877551020408163,0.29997986506136615
09X215,KAPPA,62.0,0.4032258064516129,0.29246818469436303
31R051,I.S. 051 EDWIN MARKHAM,400.0,0.2525,0.1926370010768697
09X505,"BRONX SCHOOL FOR LAW, GOVERNMENT AND JUSTICE",97.0,0.13402061855670105,0.34476370832001385
31R034,I.S. 034 TOTTENVILLE,389.0,0.20822622107969152,0.2967513191128786
22K234,J.H.S. 234 ARTHUR W. CUNNINGHAM,658.0,0.5623100303951368,0.5061243172866833
13K492,ACADEMY OF ARTS AND LETTERS,65.0,0.4,0.4749850945237437
24Q061,I.S. 061 LEONARDO DA VINCI,743.0,0.12516823687752354,0.20977255074450396
25Q499,"THE QUEENS COLLEGE SCHOOL FOR MATH, SCIENCE AND TECHNOLOGY",52.0,0.7692307692307693,0.5356864344834076
19K306,P.S. 306 ETHAN ALLEN,39.0,0.0,0.07875107779602947
32K384,P.S./I.S. 384 FRANCES E. CARTER,65.0,0.12307692307692307,0.19112725344306505
21K238,P.S. 238 ANNE SULLIVAN,74.0,0.1891891891891892,0.22543329601552692
84M353,NEW HEIGHTS ACADEMY CHARTER SCHOOL,99.0,0.0,0.21580820079107504
27Q232,P.S. 232 LINDENWOOD,98.0,0.33673469387755106,0.395149850378757
29Q259,PATHWAYS COLLEGE PREPARATORY SCHOOL: A COLLEGE BOARD SCHOOL,81.0,0.07407407407407407,0.14014787675337342
15K497,THE BOERUM HILL SCHOOL FOR INTERNATIONAL STUDIES,44.0,0.7272727272727273,0.28052085214967554
24Q073,I.S. 73 - THE FRANK SANSIVIERI INTERMEDIATE SCHOOL,726.0,0.5426997245179064,0.4111228589253713
84M430,THE EQUITY PROJECT CHARTER SCHOOL (TEP),114.0,0.3333333333333333,0.3493324729464291
